policy,scenario,n,playout,stm_start,plies,outcome,reason,wk,wq,bk
PARTICLE,KRK,112,1,white,4,draw,r_bare,m86,-,bm39
PARTICLE,KRK,112,2,black,9,draw,r_bare,b53,-,a87
PARTICLE,KRK,112,3,white,6,draw,r_bare,b110,-,h84
PARTICLE,KRK,112,4,black,5,draw,r_bare,av30,-,a99
PARTICLE,KRK,112,5,white,4,draw,r_bare,ae24,-,cm16
PARTICLE,KRK,112,6,black,5,draw,r_bare,w74,-,b50
PARTICLE,KRK,112,7,white,6,draw,r_bare,bs10,-,br102
PARTICLE,KRK,112,8,black,5,draw,r_bare,at48,-,cp39
PARTICLE,KRK,112,9,white,4,draw,r_bare,d57,-,y33
PARTICLE,KRK,112,10,black,5,draw,r_bare,bw55,-,ct15
PARTICLE,KRK,112,11,white,6,draw,r_bare,ax111,-,bz38
PARTICLE,KRK,112,12,black,5,draw,r_bare,be79,-,aj58
PARTICLE,KRK,112,13,white,4,draw,r_bare,y77,-,bg75
PARTICLE,KRK,112,14,black,5,draw,r_bare,bl82,-,p44
PARTICLE,KRK,112,15,white,2,draw,r_bare,b27,-,av38
PARTICLE,KRK,112,16,black,5,draw,r_bare,ae97,-,df75
PARTICLE,KRK,112,17,white,4,draw,r_bare,cv87,-,i22
PARTICLE,KRK,112,18,black,5,draw,r_bare,ah77,-,bk32
PARTICLE,KRK,112,19,white,4,draw,r_bare,ay85,-,h1
PARTICLE,KRK,112,20,black,5,draw,r_bare,n70,-,f45
PARTICLE,KRK,112,21,white,4,draw,r_bare,aj43,-,cs101
PARTICLE,KRK,112,22,black,5,draw,r_bare,bu48,-,cl101
PARTICLE,KRK,112,23,white,4,draw,r_bare,cq37,-,h3
PARTICLE,KRK,112,24,black,5,draw,r_bare,f89,-,ak1
PARTICLE,KRK,112,25,white,6,draw,r_bare,ao69,-,an53
PARTICLE,KRK,112,26,black,5,draw,r_bare,dg105,-,a23
PARTICLE,KRK,112,27,white,46,draw,r_bare,db100,-,b2
PARTICLE,KRK,112,28,black,5,draw,r_bare,ca28,-,l33
PARTICLE,KRK,112,29,white,91,draw,r_rep,b2,by111,c112
PARTICLE,KRK,112,30,black,5,draw,r_bare,cx13,-,ay27
PARTICLE,KRK,112,31,white,4,draw,r_bare,bm61,-,aq57
PARTICLE,KRK,112,32,black,5,draw,r_bare,cw46,-,bn63
PARTICLE,KRK,112,33,white,4,draw,r_bare,am54,-,bi52
PARTICLE,KRK,112,34,black,5,draw,r_bare,r11,-,p82
PARTICLE,KRK,112,35,white,4,draw,r_bare,af30,-,as26
PARTICLE,KRK,112,36,black,5,draw,r_bare,x87,-,k25
PARTICLE,KRK,112,37,white,4,draw,r_bare,ai4,-,ba93
PARTICLE,KRK,112,38,black,5,draw,r_bare,bp53,-,ax65
PARTICLE,KRK,112,39,white,4,draw,r_bare,cw23,-,s96
PARTICLE,KRK,112,40,black,5,draw,r_bare,ak101,-,bf83
PARTICLE,KRK,112,41,white,4,draw,r_bare,bg35,-,a23
PARTICLE,KRK,112,42,black,5,draw,r_bare,ah5,-,az36
PARTICLE,KRK,112,43,white,4,draw,r_bare,ad76,-,bx86
PARTICLE,KRK,112,44,black,5,draw,r_bare,ce11,-,bm20
PARTICLE,KRK,112,45,white,4,draw,r_bare,cm91,-,ae90
PARTICLE,KRK,112,46,black,5,draw,r_bare,al41,-,ct77
PARTICLE,KRK,112,47,white,4,draw,r_bare,cq4,-,br71
PARTICLE,KRK,112,48,black,5,draw,r_bare,ai15,-,t66
PARTICLE,KRK,112,49,white,4,draw,r_bare,dg109,-,aq45
PARTICLE,KRK,112,50,black,5,draw,r_bare,de61,-,bf93
PARTICLE,KRK,112,51,white,4,draw,r_bare,bp83,-,cl17
PARTICLE,KRK,112,52,black,5,draw,r_bare,cv23,-,c46
PARTICLE,KRK,112,53,white,4,draw,r_bare,ad108,-,ac88
PARTICLE,KRK,112,54,black,3,draw,r_bare,cj91,-,y2
PARTICLE,KRK,112,55,white,4,draw,r_bare,bu104,-,bz36
PARTICLE,KRK,112,56,black,5,draw,r_bare,d44,-,al89
PARTICLE,KRK,112,57,white,4,draw,r_bare,br89,-,ag33
PARTICLE,KRK,112,58,black,5,draw,r_bare,ba53,-,bb26
PARTICLE,KRK,112,59,white,4,draw,r_bare,cb3,-,cg91
PARTICLE,KRK,112,60,black,5,draw,r_bare,w102,-,an80
PARTICLE,KRK,112,61,white,4,draw,r_bare,bq25,-,b1
PARTICLE,KRK,112,62,black,5,draw,r_bare,ap65,-,bg35
PARTICLE,KRK,112,63,white,4,draw,r_bare,cs70,-,ap43
PARTICLE,KRK,112,64,black,5,draw,r_bare,p108,-,bk82
PARTICLE,KQK,112,1,white,76,draw,r_rep,d2,be56,bg2
PARTICLE,KQK,112,2,black,107,draw,r_rep,b57,be56,bg57
PARTICLE,KQK,112,3,white,193,draw,r_rep,b58,be57,bh58
PARTICLE,KQK,112,4,black,102,draw,r_rep,c3,bd57,c5
PARTICLE,KQK,112,5,white,139,draw,r_rep,bk58,bd57,bi58
PARTICLE,KQK,112,6,black,77,draw,r_rep,c2,be57,bg58
PARTICLE,KQK,112,7,white,143,draw,r_rep,bj61,bd56,bi59
PARTICLE,KQK,112,8,black,108,draw,r_rep,b3,be56,bg2
PARTICLE,KQK,112,9,white,21,draw,r_rep,ci63,bd57,b58
PARTICLE,KQK,112,10,black,59,draw,r_rep,dg89,be56,bg2
PARTICLE,KQK,112,11,white,55,draw,r_rep,bp80,bd57,b58
PARTICLE,KQK,112,12,black,96,draw,r_rep,aq61,bd57,b58
PARTICLE,KQK,112,13,white,197,draw,r_rep,bf59,be57,bh58
PARTICLE,KQK,112,14,black,32,draw,r_rep,bf5,be57,bf3
PARTICLE,KQK,112,15,white,47,draw,r_rep,n66,bd57,b58
PARTICLE,KQK,112,16,black,74,draw,r_rep,bf2,be56,bh2
PARTICLE,KQK,112,17,white,80,draw,r_rep,b2,be56,bf2
PARTICLE,KQK,112,18,black,102,draw,r_rep,c2,bd57,c58
PARTICLE,KQK,112,19,white,114,draw,r_rep,cz57,bd56,b57
PARTICLE,KQK,112,20,black,152,draw,r_rep,c58,be57,bg58
PARTICLE,KQK,112,21,white,97,draw,r_rep,bf109,bd57,b58
PARTICLE,KQK,112,22,black,120,draw,r_rep,bg2,be57,bh58
PARTICLE,KQK,112,23,white,92,draw,r_rep,d2,bd56,f2
PARTICLE,KQK,112,24,black,86,draw,r_rep,ct93,be56,bf2
PARTICLE,KQK,112,25,white,74,draw,r_rep,cf71,be56,c57
PARTICLE,KQK,112,26,black,192,draw,r_rep,bh57,be56,d2
PARTICLE,KQK,112,27,white,117,draw,r_rep,c58,be57,bg58
PARTICLE,KQK,112,28,black,100,draw,r_rep,bg2,be57,bh58
PARTICLE,KQK,112,29,white,97,draw,r_rep,g3,be56,e2
PARTICLE,KQK,112,30,black,78,draw,r_rep,h88,bd56,bg2
PARTICLE,KQK,112,31,white,83,draw,r_rep,bf2,bd57,b58
PARTICLE,KQK,112,32,black,75,draw,r_rep,c2,be57,bg58
PARTICLE,KQK,112,33,white,89,draw,r_rep,c2,be57,bg58
PARTICLE,KQK,112,34,black,88,draw,r_rep,c58,be57,bh58
PARTICLE,KQK,112,35,white,95,draw,r_rep,bj57,be56,bh57
PARTICLE,KQK,112,36,black,135,draw,r_rep,bk57,be56,bi57
PARTICLE,KQK,112,37,white,113,draw,r_rep,bv76,bd57,b58
PARTICLE,KQK,112,38,black,104,draw,r_rep,bf2,be57,bh58
PARTICLE,KQK,112,39,white,91,draw,r_rep,b57,be56,d2
PARTICLE,KQK,112,40,black,66,draw,r_rep,c2,be57,bg58
PARTICLE,KQK,112,41,white,82,draw,r_rep,c2,bd57,c58
PARTICLE,KQK,112,42,black,40,draw,r_rep,e2,be56,bg2
PARTICLE,KQK,112,43,white,105,draw,r_rep,c2,be57,bh58
PARTICLE,KQK,112,44,black,98,draw,r_rep,be2,bd57,b58
PARTICLE,KQK,112,45,white,163,draw,r_rep,c58,be57,bg58
PARTICLE,KQK,112,46,black,80,draw,r_rep,bj58,be57,bh58
PARTICLE,KQK,112,47,white,64,draw,r_rep,cs64,be57,c58
PARTICLE,KQK,112,48,black,91,draw,r_rep,bf2,bd56,c57
PARTICLE,KQK,112,49,white,27,draw,r_rep,bf2,be56,e2
PARTICLE,KQK,112,50,black,111,draw,r_rep,b2,bd57,c58
PARTICLE,KQK,112,51,white,79,draw,r_rep,bf2,be57,bh58
PARTICLE,KQK,112,52,black,92,draw,r_rep,bf59,be57,bh58
PARTICLE,KQK,112,53,white,109,draw,r_rep,b58,be57,bh58
PARTICLE,KQK,112,54,black,178,draw,r_rep,b58,be57,bg58
PARTICLE,KQK,112,55,white,63,draw,r_rep,be2,bd57,b58
PARTICLE,KQK,112,56,black,118,draw,r_rep,c2,be57,bg58
PARTICLE,KQK,112,57,white,97,draw,r_rep,b3,be56,bg2
PARTICLE,KQK,112,58,black,88,draw,r_rep,bj58,be57,bh58
PARTICLE,KQK,112,59,white,183,draw,r_rep,b58,be57,bh58
PARTICLE,KQK,112,60,black,60,draw,r_rep,w83,bd56,bg2
PARTICLE,KQK,112,61,white,87,draw,r_rep,be2,bd57,bf58
PARTICLE,KQK,112,62,black,98,draw,r_rep,bf2,be56,e2
PARTICLE,KQK,112,63,white,67,draw,r_rep,ca72,bd57,b58
PARTICLE,KQK,112,64,black,61,draw,r_rep,n74,bd56,bf2
PRESSURE,KRK,112,1,white,4,draw,r_bare,m86,-,bm39
PRESSURE,KRK,112,2,black,5,draw,r_bare,a54,-,c89
PRESSURE,KRK,112,3,white,4,draw,r_bare,a111,-,i85
PRESSURE,KRK,112,4,black,5,draw,r_bare,av30,-,a99
PRESSURE,KRK,112,5,white,4,draw,r_bare,ae24,-,cm16
PRESSURE,KRK,112,6,black,5,draw,r_bare,w74,-,b50
PRESSURE,KRK,112,7,white,4,draw,r_bare,bs10,-,bs103
PRESSURE,KRK,112,8,black,5,draw,r_bare,at48,-,cp39
PRESSURE,KRK,112,9,white,4,draw,r_bare,d57,-,y33
PRESSURE,KRK,112,10,black,5,draw,r_bare,bw55,-,ct15
PRESSURE,KRK,112,11,white,4,draw,r_bare,ay112,-,ca39
PRESSURE,KRK,112,12,black,5,draw,r_bare,be79,-,aj58
PRESSURE,KRK,112,13,white,4,draw,r_bare,y77,-,bg75
PRESSURE,KRK,112,14,black,5,draw,r_bare,bl82,-,p44
PRESSURE,KRK,112,15,white,2,draw,r_bare,b27,-,av38
PRESSURE,KRK,112,16,black,5,draw,r_bare,ae97,-,df75
PRESSURE,KRK,112,17,white,4,draw,r_bare,cv87,-,i22
PRESSURE,KRK,112,18,black,5,draw,r_bare,ah77,-,bk32
PRESSURE,KRK,112,19,white,4,draw,r_bare,ay85,-,h1
PRESSURE,KRK,112,20,black,5,draw,r_bare,n70,-,f45
PRESSURE,KRK,112,21,white,4,draw,r_bare,aj43,-,cs101
PRESSURE,KRK,112,22,black,5,draw,r_bare,bu48,-,cl101
PRESSURE,KRK,112,23,white,4,draw,r_bare,cq37,-,h3
PRESSURE,KRK,112,24,black,75,draw,r_bare,f89,-,b2
PRESSURE,KRK,112,25,white,4,draw,r_bare,ao69,-,ao54
PRESSURE,KRK,112,26,black,3,draw,r_bare,dh106,-,a24
PRESSURE,KRK,112,27,white,46,draw,r_bare,db100,-,b2
PRESSURE,KRK,112,28,black,5,draw,r_bare,ca28,-,l33
PRESSURE,KRK,112,29,white,93,draw,r_rep,a1,by111,b112
PRESSURE,KRK,112,30,black,5,draw,r_bare,cx13,-,ay27
PRESSURE,KRK,112,31,white,4,draw,r_bare,bm61,-,aq57
PRESSURE,KRK,112,32,black,5,draw,r_bare,cw46,-,bn63
PRESSURE,KRK,112,33,white,4,draw,r_bare,am54,-,bi52
PRESSURE,KRK,112,34,black,5,draw,r_bare,r11,-,p82
PRESSURE,KRK,112,35,white,4,draw,r_bare,af30,-,as26
PRESSURE,KRK,112,36,black,5,draw,r_bare,x87,-,k25
PRESSURE,KRK,112,37,white,4,draw,r_bare,ai4,-,ba93
PRESSURE,KRK,112,38,black,5,draw,r_bare,bp53,-,ax65
PRESSURE,KRK,112,39,white,4,draw,r_bare,cw23,-,s96
PRESSURE,KRK,112,40,black,5,draw,r_bare,ak101,-,bf83
PRESSURE,KRK,112,41,white,4,draw,r_bare,bg35,-,a23
PRESSURE,KRK,112,42,black,5,draw,r_bare,ah5,-,az36
PRESSURE,KRK,112,43,white,4,draw,r_bare,ad76,-,bx86
PRESSURE,KRK,112,44,black,5,draw,r_bare,ce11,-,bm20
PRESSURE,KRK,112,45,white,4,draw,r_bare,cm91,-,ae90
PRESSURE,KRK,112,46,black,5,draw,r_bare,al41,-,ct77
PRESSURE,KRK,112,47,white,4,draw,r_bare,cq4,-,br71
PRESSURE,KRK,112,48,black,5,draw,r_bare,ai15,-,t66
PRESSURE,KRK,112,49,white,4,draw,r_bare,dg109,-,aq45
PRESSURE,KRK,112,50,black,5,draw,r_bare,de61,-,bf93
PRESSURE,KRK,112,51,white,4,draw,r_bare,bp83,-,cl17
PRESSURE,KRK,112,52,black,5,draw,r_bare,cv23,-,c46
PRESSURE,KRK,112,53,white,4,draw,r_bare,ad108,-,ac88
PRESSURE,KRK,112,54,black,3,draw,r_bare,cj91,-,y2
PRESSURE,KRK,112,55,white,4,draw,r_bare,bu104,-,bz36
PRESSURE,KRK,112,56,black,5,draw,r_bare,d44,-,al89
PRESSURE,KRK,112,57,white,4,draw,r_bare,br89,-,ag33
PRESSURE,KRK,112,58,black,5,draw,r_bare,ba53,-,bb26
PRESSURE,KRK,112,59,white,4,draw,r_bare,cb3,-,cg91
PRESSURE,KRK,112,60,black,5,draw,r_bare,w102,-,an80
PRESSURE,KRK,112,61,white,4,draw,r_bare,bq25,-,b1
PRESSURE,KRK,112,62,black,5,draw,r_bare,ap65,-,bg35
PRESSURE,KRK,112,63,white,4,draw,r_bare,cs70,-,ap43
PRESSURE,KRK,112,64,black,5,draw,r_bare,p108,-,bk82
PRESSURE,KQK,112,1,white,44,draw,r_bare,ac2,-,dg8
PRESSURE,KQK,112,2,black,13,draw,r_bare,as56,-,dg106
PRESSURE,KQK,112,3,white,4,draw,r_bare,z101,-,dg93
PRESSURE,KQK,112,4,black,5,draw,r_bare,ah10,-,b50
PRESSURE,KQK,112,5,white,4,draw,r_bare,cx73,-,cj60
PRESSURE,KQK,112,6,black,85,draw,r_bare,g9,-,dg92
PRESSURE,KQK,112,7,white,313,draw,r_rep,ch85,dd1,df2
PRESSURE,KQK,112,8,black,3,draw,r_bare,p53,-,ck10
PRESSURE,KQK,112,9,white,6,draw,r_bare,ci63,-,b64
PRESSURE,KQK,112,10,black,23,draw,r_bare,dh90,-,cp1
PRESSURE,KQK,112,11,white,164,draw,r_bare,bp80,-,da1
PRESSURE,KQK,112,12,black,153,draw,r_bare,ap60,-,dg101
PRESSURE,KQK,112,13,white,2,draw,r_bare,bq108,-,ck106
PRESSURE,KQK,112,14,black,5,draw,r_bare,bj17,-,bi2
PRESSURE,KQK,112,15,white,206,draw,r_bare,m65,-,dg79
PRESSURE,KQK,112,16,black,43,draw,r_bare,bn23,-,dg3
PRESSURE,KQK,112,17,white,102,draw,r_bare,ac32,-,dg39
PRESSURE,KQK,112,18,black,177,draw,r_bare,r38,-,dg103
PRESSURE,KQK,112,19,white,4,draw,r_bare,db59,-,ao111
PRESSURE,KQK,112,20,black,53,draw,r_bare,ai85,-,dg97
PRESSURE,KQK,112,21,white,512,draw,r_cap,bg110,ch1,ck2
PRESSURE,KQK,112,22,black,51,draw,r_bare,df25,-,dg60
PRESSURE,KQK,112,23,white,134,draw,r_bare,ab15,-,dg43
PRESSURE,KQK,112,24,black,228,draw,r_rep,cu94,dd1,df2
PRESSURE,KQK,112,25,white,385,draw,r_rep,cf71,dd1,df2
PRESSURE,KQK,112,26,black,228,draw,r_rep,dh71,dd1,df2
PRESSURE,KQK,112,27,white,118,draw,r_bare,ap73,-,dg75
PRESSURE,KQK,112,28,black,25,draw,r_bare,cr41,-,dg103
PRESSURE,KQK,112,29,white,8,draw,r_bare,ax47,-,s1
PRESSURE,KQK,112,30,black,104,draw,r_rep,h88,dd1,df2
PRESSURE,KQK,112,31,white,180,draw,r_bare,bw28,-,dg95
PRESSURE,KQK,112,32,black,87,draw,r_bare,b2,-,dg91
PRESSURE,KQK,112,33,white,28,draw,r_bare,p1,-,dg92
PRESSURE,KQK,112,34,black,79,draw,r_bare,ad69,-,dg33
PRESSURE,KQK,112,35,white,11,draw,r_rep,cy95,cw96,cy97
PRESSURE,KQK,112,36,black,19,draw,r_bare,cd68,-,dg50
PRESSURE,KQK,112,37,white,4,draw,r_bare,bx78,-,ak111
PRESSURE,KQK,112,38,black,83,draw,r_bare,ci46,-,dg80
PRESSURE,KQK,112,39,white,4,draw,r_bare,u97,-,a1
PRESSURE,KQK,112,40,black,61,draw,r_bare,i2,-,dg63
PRESSURE,KQK,112,41,white,148,draw,r_bare,ah3,-,dg75
PRESSURE,KQK,112,42,black,87,draw,r_bare,s2,-,dg13
PRESSURE,KQK,112,43,white,110,draw,r_bare,r47,-,dg83
PRESSURE,KQK,112,44,black,177,draw,r_bare,be43,-,dg103
PRESSURE,KQK,112,45,white,116,draw,r_bare,ad86,-,dg107
PRESSURE,KQK,112,46,black,95,draw,r_bare,co64,-,dg17
PRESSURE,KQK,112,47,white,174,draw,r_bare,ct65,-,dg85
PRESSURE,KQK,112,48,black,149,draw,r_bare,bf22,-,dg58
PRESSURE,KQK,112,49,white,512,draw,r_cap,dd58,db59,dd60
PRESSURE,KQK,112,50,black,123,draw,r_bare,a40,-,dg77
PRESSURE,KQK,112,51,white,38,draw,r_bare,cb25,-,dg88
PRESSURE,KQK,112,52,black,372,draw,r_rep,bs78,dd1,df2
PRESSURE,KQK,112,53,white,20,draw,r_bare,d63,-,dg78
PRESSURE,KQK,112,54,black,498,draw,r_rep,y105,dd1,df2
PRESSURE,KQK,112,55,white,4,draw,r_bare,bz29,-,w75
PRESSURE,KQK,112,56,black,109,draw,r_bare,t55,-,dg63
PRESSURE,KQK,112,57,white,59,draw,r_rep,n48,dd1,df2
PRESSURE,KQK,112,58,black,109,draw,r_bare,br57,-,dg90
PRESSURE,KQK,112,59,white,315,draw,r_rep,n103,dd1,df2
PRESSURE,KQK,112,60,black,166,draw,r_rep,w83,dd1,df2
PRESSURE,KQK,112,61,white,116,draw,r_bare,be38,-,dg77
PRESSURE,KQK,112,62,black,146,draw,r_rep,bj8,dd1,df2
PRESSURE,KQK,112,63,white,206,draw,r_bare,bz71,-,dg89
PRESSURE,KQK,112,64,black,220,draw,r_rep,n74,dd1,df2
MOBILITY,KRK,112,1,white,130,draw,r_bare,m86,-,c1
MOBILITY,KRK,112,2,black,108,draw,r_rep,b2,ar70,c71
MOBILITY,KRK,112,3,white,170,draw,r_bare,b110,-,a1
MOBILITY,KRK,112,4,black,201,draw,r_bare,av30,-,a1
MOBILITY,KRK,112,5,white,182,draw,r_bare,ae24,-,b1
MOBILITY,KRK,112,6,black,101,draw,r_bare,w74,-,a1
MOBILITY,KRK,112,7,white,142,draw,r_rep,b2,bz69,c70
MOBILITY,KRK,112,8,black,96,draw,r_rep,b2,ba66,bc2
MOBILITY,KRK,112,9,white,113,draw,r_rep,b2,f62,g2
MOBILITY,KRK,112,10,black,148,draw,r_rep,c2,ci93,ck2
MOBILITY,KRK,112,11,white,156,draw,r_bare,ax111,-,b1
MOBILITY,KRK,112,12,black,119,draw,r_bare,be79,-,c1
MOBILITY,KRK,112,13,white,152,draw,r_bare,y77,-,a1
MOBILITY,KRK,112,14,black,168,draw,r_rep,e2,ci93,b2
MOBILITY,KRK,112,15,white,89,draw,r_rep,b2,av72,e2
MOBILITY,KRK,112,16,black,219,draw,r_bare,ae97,-,b1
MOBILITY,KRK,112,17,white,44,draw,r_bare,cv87,-,a1
MOBILITY,KRK,112,18,black,154,draw,r_rep,b2,bf93,bh2
MOBILITY,KRK,112,19,white,18,draw,r_bare,ay85,-,c1
MOBILITY,KRK,112,20,black,136,draw,r_rep,b4,ak105,c2
MOBILITY,KRK,112,21,white,40,draw,r_bare,p23,-,bz93
MOBILITY,KRK,112,22,black,43,draw,r_bare,az27,-,bz82
MOBILITY,KRK,112,23,white,14,draw,r_bare,cq37,-,b1
MOBILITY,KRK,112,24,black,75,draw,r_bare,f89,-,b1
MOBILITY,KRK,112,25,white,110,draw,r_bare,ao69,-,c1
MOBILITY,KRK,112,26,black,49,draw,r_bare,dg105,-,a1
MOBILITY,KRK,112,27,white,46,draw,r_bare,db100,-,b2
MOBILITY,KRK,112,28,black,69,draw,r_rep,aw2,av85,b2
MOBILITY,KRK,112,29,white,222,draw,r_bare,ag45,-,c1
MOBILITY,KRK,112,30,black,155,draw,r_rep,aa2,w102,x2
MOBILITY,KRK,112,31,white,116,draw,r_bare,bm61,-,a1
MOBILITY,KRK,112,32,black,200,draw,r_rep,c2,dg48,b49
MOBILITY,KRK,112,33,white,118,draw,r_rep,c2,cp93,f2
MOBILITY,KRK,112,34,black,59,draw,r_bare,g2,-,e55
MOBILITY,KRK,112,35,white,61,draw,r_rep,c2,al108,an2
MOBILITY,KRK,112,36,black,178,draw,r_rep,e2,al108,b2
MOBILITY,KRK,112,37,white,106,draw,r_rep,b2,cc61,c62
MOBILITY,KRK,112,38,black,129,draw,r_rep,ah2,af109,ag4
MOBILITY,KRK,112,39,white,80,draw,r_bare,bi2,-,a58
MOBILITY,KRK,112,40,black,167,draw,r_bare,ak101,-,c1
MOBILITY,KRK,112,41,white,89,draw,r_rep,p2,n101,b2
MOBILITY,KRK,112,42,black,88,draw,r_rep,j2,i101,m2
MOBILITY,KRK,112,43,white,170,draw,r_rep,ae2,ac92,ad4
MOBILITY,KRK,112,44,black,131,draw,r_bare,ce11,-,c1
MOBILITY,KRK,112,45,white,182,draw,r_bare,cm91,-,c1
MOBILITY,KRK,112,46,black,167,draw,r_bare,q2,-,p59
MOBILITY,KRK,112,47,white,144,draw,r_bare,cq4,-,a1
MOBILITY,KRK,112,48,black,91,draw,r_bare,d2,-,b23
MOBILITY,KRK,112,49,white,92,draw,r_bare,dg109,-,a1
MOBILITY,KRK,112,50,black,122,draw,r_rep,cq2,cp68,c69
MOBILITY,KRK,112,51,white,165,draw,r_rep,b2,bz109,ca2
MOBILITY,KRK,112,52,black,114,draw,r_rep,as2,aq56,c2
MOBILITY,KRK,112,53,white,176,draw,r_bare,ad108,-,a1
MOBILITY,KRK,112,54,black,178,draw,r_rep,z4,y92,aa2
MOBILITY,KRK,112,55,white,158,draw,r_bare,bu104,-,c1
MOBILITY,KRK,112,56,black,181,draw,r_bare,d44,-,a1
MOBILITY,KRK,112,57,white,173,draw,r_rep,b4,de107,c2
MOBILITY,KRK,112,58,black,107,draw,r_bare,ba53,-,b1
MOBILITY,KRK,112,59,white,64,draw,r_bare,bd2,-,bb69
MOBILITY,KRK,112,60,black,163,draw,r_bare,w102,-,c1
MOBILITY,KRK,112,61,white,73,draw,r_rep,ah2,af29,b2
MOBILITY,KRK,112,62,black,119,draw,r_bare,ap65,-,c1
MOBILITY,KRK,112,63,white,88,draw,r_bare,cs70,-,a1
MOBILITY,KRK,112,64,black,167,draw,r_bare,p108,-,c1
MOBILITY,KQK,112,1,white,76,draw,r_rep,d2,be56,bg2
MOBILITY,KQK,112,2,black,107,draw,r_rep,au58,bd56,bg57
MOBILITY,KQK,112,3,white,108,draw,r_rep,z101,be56,bh57
MOBILITY,KQK,112,4,black,101,draw,r_rep,d2,be56,b3
MOBILITY,KQK,112,5,white,66,draw,r_rep,cw72,bd56,bg57
MOBILITY,KQK,112,6,black,79,draw,r_rep,b2,be56,bg57
MOBILITY,KQK,112,7,white,91,draw,r_rep,bg57,bd56,bi57
MOBILITY,KQK,112,8,black,108,draw,r_rep,b3,be56,bg2
MOBILITY,KQK,112,9,white,22,draw,r_rep,ci63,be56,b57
MOBILITY,KQK,112,10,black,59,draw,r_rep,dg89,be56,bg2
MOBILITY,KQK,112,11,white,56,draw,r_rep,bp80,be56,b57
MOBILITY,KQK,112,12,black,97,draw,r_rep,ar62,be56,b57
MOBILITY,KQK,112,13,white,102,draw,r_rep,bo106,bd56,bg57
MOBILITY,KQK,112,14,black,32,draw,r_rep,bf4,be56,bg2
MOBILITY,KQK,112,15,white,48,draw,r_rep,n66,be56,b57
MOBILITY,KQK,112,16,black,74,draw,r_rep,be2,bd56,bh2
MOBILITY,KQK,112,17,white,80,draw,r_rep,b2,be56,bf2
MOBILITY,KQK,112,18,black,101,draw,r_rep,b2,be56,b57
MOBILITY,KQK,112,19,white,114,draw,r_rep,db59,bd56,b57
MOBILITY,KQK,112,20,black,91,draw,r_rep,ai85,bd56,bg57
MOBILITY,KQK,112,21,white,98,draw,r_rep,bg110,be56,b57
MOBILITY,KQK,112,22,black,116,draw,r_rep,bg2,be56,bh57
MOBILITY,KQK,112,23,white,104,draw,r_rep,c2,bd56,f2
MOBILITY,KQK,112,24,black,85,draw,r_rep,cu94,bd56,be2
MOBILITY,KQK,112,25,white,114,draw,r_rep,cf71,be56,b3
MOBILITY,KQK,112,26,black,95,draw,r_rep,dg70,bd56,c2
MOBILITY,KQK,112,27,white,46,draw,r_rep,ap73,bd56,bg57
MOBILITY,KQK,112,28,black,101,draw,r_rep,be2,bd56,bg57
MOBILITY,KQK,112,29,white,98,draw,r_rep,e2,be56,b2
MOBILITY,KQK,112,30,black,73,draw,r_rep,h88,be56,bg2
MOBILITY,KQK,112,31,white,84,draw,r_rep,be2,bd56,b57
MOBILITY,KQK,112,32,black,77,draw,r_rep,b2,be56,bg57
MOBILITY,KQK,112,33,white,86,draw,r_rep,e2,be56,bh57
MOBILITY,KQK,112,34,black,41,draw,r_rep,ac68,bd56,bg57
MOBILITY,KQK,112,35,white,90,draw,r_rep,da95,be56,bh57
MOBILITY,KQK,112,36,black,97,draw,r_rep,cd68,be56,bh57
MOBILITY,KQK,112,37,white,114,draw,r_rep,bx78,bd56,b57
MOBILITY,KQK,112,38,black,100,draw,r_rep,be2,bd56,bf57
MOBILITY,KQK,112,39,white,10,draw,r_rep,u97,bd56,c2
MOBILITY,KQK,112,40,black,65,draw,r_rep,d2,bd56,bg57
MOBILITY,KQK,112,41,white,82,draw,r_rep,e2,be56,c57
MOBILITY,KQK,112,42,black,40,draw,r_rep,e2,be56,bg2
MOBILITY,KQK,112,43,white,101,draw,r_rep,c2,bd56,bf57
MOBILITY,KQK,112,44,black,99,draw,r_rep,bg2,be56,b57
MOBILITY,KQK,112,45,white,112,draw,r_rep,ae87,bd56,bg57
MOBILITY,KQK,112,46,black,25,draw,r_rep,cn63,bd56,bg57
MOBILITY,KQK,112,47,white,62,draw,r_rep,cu66,bd56,c57
MOBILITY,KQK,112,48,black,89,draw,r_rep,bf2,bd56,c57
MOBILITY,KQK,112,49,white,21,draw,r_rep,bf2,be56,b2
MOBILITY,KQK,112,50,black,109,draw,r_rep,b2,be56,c57
MOBILITY,KQK,112,51,white,80,draw,r_rep,bf2,bd56,bg57
MOBILITY,KQK,112,52,black,47,draw,r_rep,bs78,be56,bh57
MOBILITY,KQK,112,53,white,96,draw,r_rep,f65,be56,bh57
MOBILITY,KQK,112,54,black,93,draw,r_rep,w103,bd56,bg57
MOBILITY,KQK,112,55,white,61,draw,r_rep,be2,bd56,c57
MOBILITY,KQK,112,56,black,116,draw,r_rep,b2,bd57,bf58
MOBILITY,KQK,112,57,white,97,draw,r_rep,b3,be56,bg2
MOBILITY,KQK,112,58,black,77,draw,r_rep,br57,bd56,bg57
MOBILITY,KQK,112,59,white,94,draw,r_rep,n103,be56,bh57
MOBILITY,KQK,112,60,black,58,draw,r_rep,w83,bd56,bf2
MOBILITY,KQK,112,61,white,85,draw,r_rep,be2,bd56,bf57
MOBILITY,KQK,112,62,black,97,draw,r_rep,be2,bd56,d2
MOBILITY,KQK,112,63,white,68,draw,r_rep,ca72,bd56,b57
MOBILITY,KQK,112,64,black,61,draw,r_rep,n74,bd56,bf2
