kind,state,fen,split,cls_true,cls_true_name,dtm_true,p_black_win,p_draw,p_white_win,pred_class,cal_gap,dtm_pred,dtm_err,categories
kbk,909633,8/8/8/1KB5/7k/8/8/8 w - - 0 1,train,1,draw,-1,0.000206,0.998975,0.000819,draw,0.001025,21.724,,
kbk,60133,8/5K2/5B2/8/8/8/8/3k4 w - - 0 1,train,1,draw,-1,0.000204,0.999015,0.000782,draw,0.000985,22.107,,
kbk,1839507,k7/8/8/8/8/3B4/3K4/8 w - - 0 1,test,1,draw,-1,0.000162,0.999295,0.000543,draw,0.000705,21.117,,
kbk,1053348,8/8/8/k7/8/4KB2/8/8 w - - 0 1,train,1,draw,-1,0.000143,0.99932,0.000537,draw,0.00068,18.624,,
kbk,111074,8/2KB4/8/8/8/8/8/6k1 w - - 0 1,valid,1,draw,-1,0.000177,0.999453,0.00037,draw,0.000547,23.146,,
kbk,1171650,8/8/8/1BK4k/8/8/8/8 w - - 0 1,train,1,draw,-1,0.000126,0.999616,0.000257,draw,0.000384,19.308,,
kbk,1577249,8/k7/8/8/8/1KB5/8/8 w - - 0 1,train,1,draw,-1,9.3e-05,0.999634,0.000273,draw,0.000366,19.325,,
kbk,271302,8/8/8/6KB/8/8/k7/8 w - - 0 1,test,1,draw,-1,0.000159,0.999639,0.000202,draw,0.000361,23.038,,
kbk,1607841,8/2k5/8/8/8/1K6/1B6/8 w - - 0 1,train,1,draw,-1,9e-05,0.999742,0.000168,draw,0.000258,23.516,,
kbk,1872305,2k5/8/8/8/1K6/3B4/8/8 w - - 0 1,train,1,draw,-1,6.6e-05,0.999844,9.1e-05,draw,0.000156,19.392,,
kbk,1671829,8/6k1/8/8/8/8/5K2/5B2 w - - 0 1,train,1,draw,-1,7.7e-05,0.999849,7.3e-05,draw,0.000151,24.966,,
kbk,647635,8/8/3K4/3B4/8/7k/8/8 w - - 0 1,train,1,draw,-1,3.7e-05,0.999853,0.00011,draw,0.000147,18.493,,
kbk,271046,8/8/8/5BK1/8/8/k7/8 w - - 0 1,test,1,draw,-1,4.6e-05,0.99987,8.3e-05,draw,0.00013,22.251,,
kbk,531255,8/8/8/8/6BK/k7/8/8 w - - 0 1,valid,1,draw,-1,6e-05,0.999875,6.5e-05,draw,0.000125,24.453,,
kbk,6882,8/2K5/8/8/5B2/8/8/k7 w - - 0 1,test,1,draw,-1,5.2e-05,0.999889,5.9e-05,draw,0.000111,20.964,,
kbk,1055430,8/8/8/k5K1/5B2/8/8/8 w - - 0 1,valid,1,draw,-1,4.5e-05,0.999891,6.5e-05,draw,0.000109,21.707,,
kbk,1886903,3k4/8/8/8/7K/8/5B2/8 w - - 0 1,train,1,draw,-1,5e-05,0.999896,5.4e-05,draw,0.000104,22.165,,
kbk,1169634,8/2K5/8/7k/1B6/8/8/8 w - - 0 1,test,1,draw,-1,6e-05,0.9999,3.9e-05,draw,0.0001,21.195,,
kbk,1693795,8/3K3k/8/8/B7/8/8/8 w - - 0 1,train,1,draw,-1,5.6e-05,0.99991,3.4e-05,draw,9e-05,19.769,,
kbk,1919764,5k2/8/8/8/8/8/4K1B1/8 w - - 0 1,test,1,draw,-1,5.5e-05,0.999912,3.3e-05,draw,8.8e-05,22.018,,
kbk,107075,8/8/8/3KB3/8/8/8/6k1 w - - 0 1,valid,1,draw,-1,2.4e-05,0.999922,5.4e-05,draw,7.8e-05,17.361,,
kbk,264723,8/8/8/8/8/8/k2KB3/8 w - - 0 1,train,1,draw,-1,3.7e-05,0.999922,4.2e-05,draw,7.8e-05,17.994,,
kbk,111024,8/3B4/8/8/K7/8/8/6k1 w - - 0 1,train,1,draw,-1,4.3e-05,0.999926,3.1e-05,draw,7.4e-05,24.104,,
kbk,31056,2B5/8/K7/8/8/8/8/1k6 w - - 0 1,train,1,draw,-1,4.5e-05,0.999928,2.7e-05,draw,7.2e-05,22.467,,
kbk,527253,8/8/8/8/8/k7/5K1B/8 w - - 0 1,train,1,draw,-1,5e-05,0.999929,2.1e-05,draw,7.1e-05,21.116,,
kbk,641042,8/8/8/8/8/7k/B1K5/8 w - - 0 1,train,1,draw,-1,5e-05,0.999929,2.1e-05,draw,7.1e-05,21.116,,
kbk,651313,8/B7/8/8/1K6/7k/8/8 w - - 0 1,valid,1,draw,-1,5.3e-05,0.999929,1.8e-05,draw,7.1e-05,22.263,,
kbk,1890901,3k4/8/5K2/8/4B3/8/8/8 w - - 0 1,train,1,draw,-1,2.4e-05,0.999929,4.7e-05,draw,7.1e-05,15.713,,
kbk,1843810,k7/2K5/8/4B3/8/8/8/8 w - - 0 1,valid,1,draw,-1,1.6e-05,0.999931,5.3e-05,draw,6.9e-05,15.025,,
kbk,111281,8/5B2/8/8/1K6/8/8/6k1 w - - 0 1,valid,1,draw,-1,4.6e-05,0.999933,2.1e-05,draw,6.7e-05,21.548,,
kbk,127649,8/5B2/8/8/8/1K6/8/7k w - - 0 1,train,1,draw,-1,4.2e-05,0.999934,2.4e-05,draw,6.6e-05,21.209,,
kbk,1073812,8/8/8/1k3B2/8/8/4K3/8 w - - 0 1,train,1,draw,-1,3.3e-05,0.999939,2.9e-05,draw,6.1e-05,22.821,,
kbk,3266994,8/8/8/7k/2KB4/8/8/8 b - - 0 1,valid,1,draw,-1,2.6e-05,0.999939,3.6e-05,draw,6.1e-05,22.176,,
kbk,60113,8/8/1K3B2/8/8/8/8/3k4 w - - 0 1,valid,1,draw,-1,3.5e-05,0.999941,2.4e-05,draw,5.9e-05,20.926,,
kbk,891360,8/K7/8/8/3B2k1/8/8/8 w - - 0 1,test,1,draw,-1,2.5e-05,0.999943,3.2e-05,draw,5.7e-05,27.424,,
kbk,1903399,4k3/8/8/8/8/7K/6B1/8 w - - 0 1,train,1,draw,-1,3e-05,0.999943,2.6e-05,draw,5.7e-05,23.063,,
kbk,1667169,8/BK3k2/8/8/8/8/8/8 w - - 0 1,train,1,draw,-1,3.4e-05,0.999944,2.2e-05,draw,5.6e-05,23.36,,
kbk,7012,8/4K3/8/8/6B1/8/8/k7 w - - 0 1,train,1,draw,-1,3.9e-05,0.999945,1.6e-05,draw,5.5e-05,21.763,,
kbk,1175715,8/1B6/8/7k/8/3K4/8/8 w - - 0 1,train,1,draw,-1,3.7e-05,0.999945,1.7e-05,draw,5.5e-05,18.858,,
kbk,338609,8/8/5B2/8/1K6/8/4k3/8 w - - 0 1,train,1,draw,-1,3e-05,0.999947,2.3e-05,draw,5.3e-05,22.409,,
kbk,1848083,k7/6B1/8/8/8/8/3K4/8 w - - 0 1,train,1,draw,-1,3.8e-05,0.999948,1.4e-05,draw,5.2e-05,21.321,,
kbk,791351,8/8/8/8/k6K/6B1/8/8 w - - 0 1,train,1,draw,-1,2.9e-05,0.999949,2.1e-05,draw,5.1e-05,24.267,,
kbk,891347,8/8/3K4/8/3B2k1/8/8/8 w - - 0 1,train,1,draw,-1,2.3e-05,0.99995,2.7e-05,draw,5e-05,21.062,,
kbk,43332,8/8/2B5/4K3/8/8/8/2k5 w - - 0 1,train,1,draw,-1,2.8e-05,0.999951,2e-05,draw,4.9e-05,17.51,,
kbk,643173,8/5K2/8/8/8/B6k/8/8 w - - 0 1,train,1,draw,-1,3.9e-05,0.999951,1.1e-05,draw,4.9e-05,20.235,,
kbk,61809,1K6/2B5/8/8/8/8/8/3k4 w - - 0 1,test,1,draw,-1,2.9e-05,0.999952,2e-05,draw,4.8e-05,25.032,,
kbk,96609,2B5/1K6/8/8/8/8/8/5k2 w - - 0 1,train,1,draw,-1,3.4e-05,0.999952,1.5e-05,draw,4.8e-05,23.785,,
kbk,1957921,7k/8/8/B7/8/1K6/8/8 w - - 0 1,train,1,draw,-1,3.7e-05,0.999952,1e-05,draw,4.8e-05,22.449,,
kbk,2175460,8/3BK3/8/8/8/8/8/4k3 b - - 0 1,valid,1,draw,-1,3e-05,0.999952,1.7e-05,draw,4.8e-05,24.65,,
kbk,1868597,2k5/8/8/8/5K2/8/8/6B1 w - - 0 1,valid,1,draw,-1,3.6e-05,0.999953,1.1e-05,draw,4.7e-05,19.544,,
kbk,111090,2K5/3B4/8/8/8/8/8/6k1 w - - 0 1,valid,1,draw,-1,2.8e-05,0.999954,1.8e-05,draw,4.6e-05,25.797,,
kbk,1675907,8/6k1/8/8/8/5B2/8/3K4 w - - 0 1,train,1,draw,-1,2.5e-05,0.999954,2.1e-05,draw,4.6e-05,27.728,,
kbk,1419491,8/3K4/1B4k1/8/8/8/8/8 w - - 0 1,train,1,draw,-1,2.8e-05,0.999957,1.6e-05,draw,4.3e-05,22.36,,
kbk,47700,4B3/8/4K3/8/8/8/8/2k5 w - - 0 1,valid,1,draw,-1,3.3e-05,0.999958,1e-05,draw,4.2e-05,20.367,,
kbk,1073891,8/3K4/8/1k3B2/8/8/8/8 w - - 0 1,train,1,draw,-1,1.7e-05,0.999958,2.5e-05,draw,4.2e-05,21.228,,
kbk,381345,8/8/8/8/8/1K1B4/7k/8 w - - 0 1,train,1,draw,-1,2.6e-05,0.999959,1.5e-05,draw,4.1e-05,21.695,,
kbk,385090,8/8/8/B1K5/8/8/7k/8 w - - 0 1,train,1,draw,-1,3.2e-05,0.999959,9e-06,draw,4.1e-05,20.749,,
kbk,1063861,7B/8/8/k7/5K2/8/8/8 w - - 0 1,test,1,draw,-1,3.3e-05,0.999959,8e-06,draw,4.1e-05,19.925,,
kbk,90743,7K/8/8/4B3/8/8/8/5k2 w - - 0 1,valid,1,draw,-1,2e-05,0.99996,2e-05,draw,4e-05,24.446,,
kbk,572004,4B3/4K3/8/8/8/2k5/8/8 w - - 0 1,valid,1,draw,-1,2.6e-05,0.99996,1.4e-05,draw,4e-05,25.982,,
knk,1436001,8/1K6/2N4k/8/8/8/8/8 w - - 0 1,test,1,draw,-1,0.000102,0.99982,7.8e-05,draw,0.00018,22.231,,
knk,1921461,5k2/8/8/8/5K2/3N4/8/8 w - - 0 1,train,1,draw,-1,5.7e-05,0.999911,3.2e-05,draw,8.9e-05,18.456,,
knk,1697986,8/7k/1N6/2K5/8/8/8/8 w - - 0 1,valid,1,draw,-1,6.1e-05,0.999917,2.2e-05,draw,8.3e-05,20.58,,
knk,1577265,8/k7/8/8/1K6/2N5/8/8 w - - 0 1,train,1,draw,-1,4.8e-05,0.999921,3.1e-05,draw,7.9e-05,18.656,,
knk,1955905,7k/8/8/1K6/N7/8/8/8 w - - 0 1,train,1,draw,-1,6.3e-05,0.999923,1.4e-05,draw,7.7e-05,22.171,,
knk,1579990,8/k7/6K1/8/7N/8/8/8 w - - 0 1,train,1,draw,-1,6.4e-05,0.999924,1.2e-05,draw,7.6e-05,22.87,,
knk,1953841,7k/8/8/8/1K6/N7/8/8 w - - 0 1,train,1,draw,-1,6.3e-05,0.999924,1.3e-05,draw,7.6e-05,22.554,,
knk,387170,8/2K5/N7/8/8/8/7k/8 w - - 0 1,train,1,draw,-1,6.3e-05,0.999926,1.2e-05,draw,7.4e-05,23.225,,
knk,1681745,8/6k1/1KN5/8/8/8/8/8 w - - 0 1,test,1,draw,-1,4.8e-05,0.999926,2.6e-05,draw,7.4e-05,24.924,,
knk,1692181,8/7k/8/8/8/4N3/5K2/8 w - - 0 1,train,1,draw,-1,4.4e-05,0.999935,2.1e-05,draw,6.5e-05,21.39,,
knk,811748,8/4K3/8/5N2/1k6/8/8/8 w - - 0 1,train,1,draw,-1,4e-05,0.999941,1.9e-05,draw,5.9e-05,23.429,,
knk,1071942,8/8/8/1k4K1/6N1/8/8/8 w - - 0 1,train,1,draw,-1,4.4e-05,0.999942,1.4e-05,draw,5.8e-05,24.815,,
knk,1657121,8/5k2/8/8/8/1K6/2N5/8 w - - 0 1,train,1,draw,-1,4.3e-05,0.999943,1.4e-05,draw,5.7e-05,25.17,,
knk,1835284,k7/8/8/8/8/8/4K3/2N5 w - - 0 1,test,1,draw,-1,4.9e-05,0.999943,7e-06,draw,5.7e-05,22.644,,
knk,1845860,k7/4K3/4N3/8/8/8/8/8 w - - 0 1,train,1,draw,-1,3.7e-05,0.999944,1.9e-05,draw,5.6e-05,18.459,,
knk,1950226,7k/8/8/8/8/8/2K5/4N3 w - - 0 1,train,1,draw,-1,4.9e-05,0.999944,7e-06,draw,5.6e-05,23.027,,
knk,1921603,5k2/8/8/3K4/8/4N3/8/8 w - - 0 1,train,1,draw,-1,3.8e-05,0.999945,1.7e-05,draw,5.5e-05,16.913,,
knk,338530,8/2K5/4N3/8/8/8/4k3/8 w - - 0 1,valid,1,draw,-1,3.8e-05,0.999948,1.4e-05,draw,5.2e-05,25.397,,
knk,47828,5N2/8/4K3/8/8/8/8/2k5 w - - 0 1,train,1,draw,-1,4.3e-05,0.999951,7e-06,draw,4.9e-05,20.945,,
knk,809669,8/8/8/5K2/1k3N2/8/8/8 w - - 0 1,train,1,draw,-1,3.3e-05,0.999952,1.5e-05,draw,4.8e-05,22.616,,
knk,1333957,8/8/1k6/5K2/5N2/8/8/8 w - - 0 1,train,1,draw,-1,3.3e-05,0.999952,1.5e-05,draw,4.8e-05,22.616,,
knk,6997,8/8/5K2/8/6N1/8/8/k7 w - - 0 1,train,1,draw,-1,3.7e-05,0.999955,8e-06,draw,4.5e-05,20.445,,
knk,309860,4N3/4K3/8/8/8/8/2k5/8 w - - 0 1,train,1,draw,-1,3.8e-05,0.999956,7e-06,draw,4.4e-05,25.855,,
knk,535110,8/8/4N3/6K1/8/k7/8/8 w - - 0 1,train,1,draw,-1,3.4e-05,0.999956,1e-05,draw,4.4e-05,22.656,,
knk,1171664,8/8/K7/1N5k/8/8/8/8 w - - 0 1,train,1,draw,-1,3.5e-05,0.999956,8e-06,draw,4.4e-05,24.96,,
knk,1890577,3k4/8/8/8/2N5/8/1K6/8 w - - 0 1,train,1,draw,-1,3.4e-05,0.999956,1e-05,draw,4.4e-05,22.656,,
knk,1074021,8/5K2/8/1k4N1/8/8/8/8 w - - 0 1,valid,1,draw,-1,3.5e-05,0.999957,9e-06,draw,4.3e-05,24.496,,
knk,1839281,k7/8/8/8/1K6/1N6/8/8 w - - 0 1,valid,1,draw,-1,3.3e-05,0.999957,1e-05,draw,4.3e-05,18.733,,
knk,649697,8/1K6/3N4/8/8/7k/8/8 w - - 0 1,train,1,draw,-1,3.3e-05,0.999958,9e-06,draw,4.2e-05,23.421,,
knk,387540,8/8/3NK3/8/8/8/7k/8 w - - 0 1,train,1,draw,-1,3e-05,0.999959,1.2e-05,draw,4.1e-05,19.465,,
knk,268949,8/8/8/8/5N2/8/k4K2/8 w - - 0 1,train,1,draw,-1,3.2e-05,0.99996,8e-06,draw,4e-05,20.692,,
knk,391780,4N3/4K3/8/8/8/8/7k/8 w - - 0 1,train,1,draw,-1,3.5e-05,0.99996,5e-06,draw,4e-05,22.321,,
knk,273062,8/8/5N2/8/8/6K1/k7/8 w - - 0 1,train,1,draw,-1,3.3e-05,0.999961,6e-06,draw,3.9e-05,22.22,,
knk,797269,8/8/4NK2/8/k7/8/8/8 w - - 0 1,valid,1,draw,-1,2.9e-05,0.999961,1e-05,draw,3.9e-05,20.257,,
knk,911588,8/4K3/1N6/8/7k/8/8/8 w - - 0 1,valid,1,draw,-1,3.2e-05,0.999963,5e-06,draw,3.7e-05,19.733,,
knk,1872422,2k5/8/8/8/8/4N1K1/8/8 w - - 0 1,train,1,draw,-1,3e-05,0.999963,6e-06,draw,3.7e-05,22.222,,
knk,76003,8/3K4/1N6/8/8/8/8/4k3 w - - 0 1,valid,1,draw,-1,3e-05,0.999964,5e-06,draw,3.6e-05,22.547,,
knk,283445,8/8/8/8/5K2/6N1/1k6/8 w - - 0 1,train,1,draw,-1,2.9e-05,0.999964,7e-06,draw,3.6e-05,23.273,,
knk,4887,8/8/8/8/8/6N1/7K/k7 w - - 0 1,train,1,draw,-1,2.8e-05,0.999965,6e-06,draw,3.5e-05,23.587,,
knk,1844055,k7/8/7K/6N1/8/8/8/8 w - - 0 1,train,1,draw,-1,2.8e-05,0.999966,6e-06,draw,3.4e-05,23.969,,
knk,76403,3K4/8/4N3/8/8/8/8/4k3 w - - 0 1,train,1,draw,-1,2.6e-05,0.999967,7e-06,draw,3.3e-05,24.776,,
knk,1334166,8/8/1k6/8/7N/8/6K1/8 w - - 0 1,test,1,draw,-1,2.9e-05,0.999967,3e-06,draw,3.3e-05,26.711,,
knk,1581751,8/k7/8/5N2/7K/8/8/8 w - - 0 1,test,1,draw,-1,2.6e-05,0.999968,6e-06,draw,3.2e-05,25.541,,
knk,387424,8/K7/2N5/8/8/8/7k/8 w - - 0 1,test,1,draw,-1,2.5e-05,0.999969,6e-06,draw,3.1e-05,26.306,,
knk,549556,8/8/8/5N2/4K3/1k6/8/8 w - - 0 1,train,1,draw,-1,2.2e-05,0.999969,9e-06,draw,3.1e-05,20.308,,
knk,1900691,4k3/8/8/8/8/8/3K4/1N6 w - - 0 1,train,1,draw,-1,2.8e-05,0.999969,3e-06,draw,3.1e-05,23.038,,
knk,1591730,8/1k6/8/8/2K5/8/3N4/8 w - - 0 1,train,1,draw,-1,2.4e-05,0.999971,5e-06,draw,2.9e-05,21.805,,
knk,905508,8/8/8/8/7k/2N1K3/8/8 w - - 0 1,train,1,draw,-1,2.2e-05,0.999973,5e-06,draw,2.7e-05,17.591,,
knk,1317589,8/8/k4K2/8/5N2/8/8/8 w - - 0 1,test,1,draw,-1,2.1e-05,0.999975,4e-06,draw,2.5e-05,19.559,,
knk,1055523,8/8/8/k7/6N1/3K4/8/8 w - - 0 1,test,1,draw,-1,2.1e-05,0.999976,3e-06,draw,2.4e-05,18.218,,
knk,1951793,7k/8/8/8/1K6/8/N7/8 w - - 0 1,train,1,draw,-1,2.2e-05,0.999976,2e-06,draw,2.4e-05,22.813,,
knk,1435761,1K6/8/N6k/8/8/8/8/8 w - - 0 1,train,1,draw,-1,2.1e-05,0.999977,2e-06,draw,2.3e-05,24.531,,
knk,1907219,4k3/8/8/8/4N3/8/3K4/8 w - - 0 1,train,1,draw,-1,1.8e-05,0.999977,5e-06,draw,2.3e-05,22.385,,
knk,57957,8/5K2/8/4N3/8/8/8/3k4 w - - 0 1,train,1,draw,-1,1.8e-05,0.999978,5e-06,draw,2.2e-05,22.767,,
knk,96608,2N5/K7/8/8/8/8/8/5k2 w - - 0 1,train,1,draw,-1,2.1e-05,0.999978,2e-06,draw,2.2e-05,25.679,,
knk,545476,8/8/8/4K3/8/1k3N2/8/8 w - - 0 1,train,1,draw,-1,1.7e-05,0.999978,5e-06,draw,2.2e-05,20.781,,
knk,911650,8/8/2N5/8/7k/2K5/8/8 w - - 0 1,train,1,draw,-1,1.9e-05,0.999978,3e-06,draw,2.2e-05,19.912,,
knk,1594035,8/1k6/8/8/3K4/5N2/8/8 w - - 0 1,test,1,draw,-1,1.7e-05,0.999978,5e-06,draw,2.2e-05,20.781,,
knk,1870386,2k5/8/8/8/2K5/8/4N3/8 w - - 0 1,valid,1,draw,-1,1.9e-05,0.999978,2e-06,draw,2.2e-05,18.658,,
knk,1950129,7k/8/8/8/1K6/8/8/3N4 w - - 0 1,train,1,draw,-1,2e-05,0.999979,1e-06,draw,2.1e-05,22.543,,
kpk,4043508,4K1k1/5P2/8/8/8/8/8/8 b - - 0 1,train,2,white_win,12,0.108477,0.888773,0.00275,draw,0.99725,10.935,1.065,hard_error|low_confidence
kpk,3172849,1K6/8/3P4/1k6/8/8/8/8 b - - 0 1,train,1,draw,-1,0.00408,0.016496,0.979424,white_win,0.983504,20.327,,hard_error|low_confidence
kpk,1927765,5k2/8/4PK2/8/8/8/8/8 w - - 0 1,test,1,draw,-1,0.009498,0.017063,0.973438,white_win,0.982937,8.847,,hard_error|low_confidence
kpk,1896917,3k4/3P4/5K2/8/8/8/8/8 w - - 0 1,train,2,white_win,17,0.014368,0.958305,0.027326,draw,0.972674,5.297,11.703,hard_error|low_confidence|dtm_error
kpk,3934240,k7/8/8/8/8/K7/P7/8 b - - 0 1,train,1,draw,-1,0.01023,0.029397,0.960373,white_win,0.970603,31.239,,hard_error|low_confidence
kpk,1958563,7k/8/8/5P2/8/3K4/8/8 w - - 0 1,train,1,draw,-1,0.006399,0.032525,0.961075,white_win,0.967475,17.115,,hard_error|low_confidence
kpk,346945,8/8/8/1K6/8/8/5kP1/8 w - - 0 1,valid,2,white_win,25,0.005188,0.959367,0.035445,draw,0.964555,31.519,6.519,hard_error|low_confidence|dtm_error
kpk,2707858,8/8/8/8/8/3P1k2/2K5/8 b - - 0 1,test,2,white_win,42,0.005954,0.958319,0.035727,draw,0.964273,31.743,10.257,hard_error|low_confidence|dtm_error
kpk,3973314,2k5/8/8/1PK5/8/8/8/8 b - - 0 1,train,1,draw,-1,0.006854,0.036146,0.957,white_win,0.963854,17.476,,hard_error|low_confidence
kpk,313702,8/6K1/8/8/8/8/2Pk4/8 w - - 0 1,test,2,white_win,25,0.005558,0.95612,0.038322,draw,0.961678,32.694,7.694,hard_error|low_confidence|dtm_error
kpk,1952528,7k/8/8/8/8/8/K5P1/8 w - - 0 1,valid,1,draw,-1,0.008067,0.041239,0.950694,white_win,0.958761,33.076,,hard_error|low_confidence
kpk,1958708,7k/8/8/6P1/4K3/8/8/8 w - - 0 1,train,1,draw,-1,0.007953,0.042912,0.949135,white_win,0.957088,14.313,,hard_error|low_confidence
kpk,1314882,8/8/k7/2K5/8/P7/8/8 w - - 0 1,train,1,draw,-1,0.006065,0.043354,0.95058,white_win,0.956646,19.566,,hard_error|low_confidence
kpk,1886453,3k1K2/8/8/8/8/8/1P6/8 w - - 0 1,train,1,draw,-1,0.007045,0.045528,0.947427,white_win,0.954472,25.666,,hard_error|low_confidence
kpk,1919255,5k2/8/8/8/8/8/2P4K/8 w - - 0 1,test,1,draw,-1,0.009218,0.046609,0.944174,white_win,0.953391,31.773,,hard_error|low_confidence
kpk,3469953,8/5P2/3k4/8/8/8/8/1K6 b - - 0 1,valid,1,draw,-1,0.006191,0.053053,0.940756,white_win,0.946947,21.06,,hard_error|low_confidence
kpk,1417654,8/8/6k1/3P4/6K1/8/8/8 w - - 0 1,train,1,draw,-1,0.006786,0.053388,0.939827,white_win,0.946612,17.647,,hard_error|low_confidence
kpk,3469456,8/1P6/3k4/8/8/8/K7/8 b - - 0 1,train,1,draw,-1,0.007011,0.053608,0.939381,white_win,0.946392,20.296,,hard_error|low_confidence
kpk,1886261,3k4/8/8/8/5K2/8/P7/8 w - - 0 1,train,1,draw,-1,0.010969,0.057261,0.931769,white_win,0.942739,26.906,,hard_error|low_confidence
kpk,1919607,5k1K/8/8/8/8/8/4P3/8 w - - 0 1,train,1,draw,-1,0.008194,0.060467,0.931338,white_win,0.939533,25.764,,hard_error|low_confidence
kpk,1663249,8/5k2/8/2P5/8/8/1K6/8 w - - 0 1,valid,1,draw,-1,0.008479,0.063993,0.927527,white_win,0.936007,23.508,,hard_error|low_confidence
kpk,3512930,8/2K5/6k1/8/4P3/8/8/8 b - - 0 1,valid,2,white_win,30,0.005654,0.929334,0.065012,draw,0.934988,27.603,2.397,hard_error|low_confidence
kpk,3445606,8/6K1/2k5/8/8/6P1/8/8 b - - 0 1,train,2,white_win,30,0.004463,0.930081,0.065457,draw,0.934543,32.595,2.595,hard_error|low_confidence
kpk,3984097,3k4/1K6/8/8/8/8/5P2/8 b - - 0 1,train,1,draw,-1,0.006399,0.067566,0.926035,white_win,0.932434,27.833,,hard_error|low_confidence
kpk,1396770,8/8/5k2/8/8/P1K5/8/8 w - - 0 1,train,1,draw,-1,0.017053,0.068106,0.914841,white_win,0.931894,28.495,,hard_error|low_confidence
kpk,1643447,8/4k3/8/8/7K/7P/8/8 w - - 0 1,train,1,draw,-1,0.014476,0.069703,0.915821,white_win,0.930297,28.636,,hard_error|low_confidence
kpk,3205589,8/8/3P1K2/3k4/8/8/8/8 b - - 0 1,train,1,draw,-1,0.014139,0.073911,0.91195,white_win,0.926089,19.735,,hard_error|low_confidence
kpk,1690450,8/7k/2K5/8/8/8/6P1/8 w - - 0 1,valid,1,draw,-1,0.007981,0.085035,0.906984,white_win,0.914965,27.785,,hard_error|low_confidence
kpk,1073668,8/8/8/1k2P3/8/8/8/4K3 w - - 0 1,valid,1,draw,-1,0.00923,0.085488,0.905282,white_win,0.914512,23.311,,hard_error|low_confidence
kpk,1909184,4k3/8/8/K2P4/8/8/8/8 w - - 0 1,valid,1,draw,-1,0.009223,0.086255,0.904522,white_win,0.913745,19.424,,hard_error|low_confidence
kpk,1859858,1k6/8/8/2P5/8/8/2K5/8 w - - 0 1,valid,1,draw,-1,0.008346,0.086942,0.904712,white_win,0.913058,19.619,,hard_error|low_confidence
kpk,3460069,8/5K2/3k4/8/8/8/7P/8 b - - 0 1,train,2,white_win,30,0.004483,0.907718,0.087799,draw,0.912201,33.406,3.406,hard_error|low_confidence
kpk,314096,K7/8/8/8/8/8/3k1P2/8 w - - 0 1,train,2,white_win,27,0.005939,0.90588,0.088182,draw,0.911818,35.709,8.709,hard_error|low_confidence|dtm_error
kpk,3222102,8/8/4P1K1/4k3/8/8/8/8 b - - 0 1,train,1,draw,-1,0.014565,0.088562,0.896872,white_win,0.911438,20.867,,hard_error|low_confidence
kpk,1350259,3K4/8/2k5/8/4P3/8/8/8 w - - 0 1,train,2,white_win,27,0.011356,0.890473,0.09817,draw,0.90183,24.715,2.285,hard_error|low_confidence
kpk,1859941,1k6/5K2/8/2P5/8/8/8/8 w - - 0 1,train,1,draw,-1,0.008383,0.101463,0.890154,white_win,0.898537,17.268,,hard_error|low_confidence
kpk,1954626,7k/8/8/2K5/8/6P1/8/8 w - - 0 1,train,1,draw,-1,0.009785,0.101785,0.88843,white_win,0.898215,23.778,,hard_error|low_confidence
kpk,347091,8/8/3K4/8/8/8/5k1P/8 w - - 0 1,train,2,white_win,23,0.008695,0.888428,0.102878,draw,0.897122,30.421,7.421,hard_error|low_confidence|dtm_error
kpk,1925712,5k2/8/K7/4P3/8/8/8/8 w - - 0 1,valid,1,draw,-1,0.009326,0.109037,0.881637,white_win,0.890963,20.187,,hard_error|low_confidence
kpk,3183173,8/8/8/2k2K2/8/4P3/8/8 b - - 0 1,test,2,white_win,32,0.010286,0.879991,0.109723,draw,0.890277,30.213,1.787,hard_error|low_confidence
kpk,576133,8/8/8/8/8/3k4/5P2/5K2 w - - 0 1,train,2,white_win,45,0.015442,0.874768,0.10979,draw,0.89021,32.178,12.822,hard_error|low_confidence|dtm_error
kpk,625239,8/8/7K/8/8/6k1/4P3/8 w - - 0 1,test,2,white_win,25,0.007726,0.87962,0.112654,draw,0.887346,31.379,6.379,hard_error|low_confidence|dtm_error
kpk,1892609,3k4/8/8/2P5/8/8/8/1K6 w - - 0 1,train,1,draw,-1,0.009451,0.112976,0.877573,white_win,0.887024,22.426,,hard_error|low_confidence
kpk,296980,8/8/8/8/8/8/P1k1K3/8 w - - 0 1,test,2,white_win,23,0.007374,0.878936,0.11369,draw,0.88631,27.522,4.522,hard_error|low_confidence|dtm_error
kpk,379698,8/8/8/8/2K5/8/6Pk/8 w - - 0 1,train,2,white_win,23,0.009055,0.877255,0.11369,draw,0.88631,27.292,4.292,hard_error|low_confidence|dtm_error
kpk,1925796,5k2/8/8/5P2/8/4K3/8/8 w - - 0 1,train,1,draw,-1,0.011577,0.11958,0.868843,white_win,0.88042,16.833,,hard_error|low_confidence
kpk,3999746,4k3/8/8/8/8/8/P7/2K5 b - - 0 1,train,1,draw,-1,0.011601,0.126072,0.862327,white_win,0.873928,35.966,,hard_error|low_confidence
kpk,1843479,k7/8/8/2P5/8/8/7K/8 w - - 0 1,train,1,draw,-1,0.009446,0.126585,0.863969,white_win,0.873415,22.554,,hard_error|low_confidence
kpk,3238516,4K3/8/4P3/5k2/8/8/8/8 b - - 0 1,train,1,draw,-1,0.016754,0.129076,0.85417,white_win,0.870924,21.567,,hard_error|low_confidence
kpk,3469972,8/5P2/3k4/8/8/8/4K3/8 b - - 0 1,test,1,draw,-1,0.01258,0.130544,0.856876,white_win,0.869456,18.252,,hard_error|low_confidence
kpk,1939973,6k1/8/8/8/4P3/8/8/5K2 w - - 0 1,train,1,draw,-1,0.011022,0.131343,0.857635,white_win,0.868657,25.793,,hard_error|low_confidence
kpk,1942308,6k1/8/8/6P1/8/4K3/8/8 w - - 0 1,train,1,draw,-1,0.012202,0.131346,0.856452,white_win,0.868654,17.104,,hard_error|low_confidence
kpk,2691392,8/8/8/K7/8/2P1k3/8/8 b - - 0 1,train,2,white_win,34,0.011533,0.857028,0.131438,draw,0.868562,34.565,0.565,hard_error|low_confidence
kpk,2921461,5K2/8/8/8/2k5/7P/8/8 b - - 0 1,train,2,white_win,28,0.00854,0.858809,0.132651,draw,0.867349,35.061,7.061,hard_error|low_confidence|dtm_error
kpk,1892995,3k4/8/8/5P2/8/8/8/3K4 w - - 0 1,train,1,draw,-1,0.009687,0.135169,0.855143,white_win,0.864831,21.661,,hard_error|low_confidence
kpk,1892368,3k4/8/8/P7/8/8/K7/8 w - - 0 1,test,1,draw,-1,0.011873,0.135179,0.852948,white_win,0.864821,21.447,,hard_error|low_confidence
kpk,1892481,3k4/8/8/1P6/8/8/8/1K6 w - - 0 1,train,1,draw,-1,0.010053,0.135996,0.853951,white_win,0.864004,22.315,,hard_error|low_confidence
kpk,3443526,8/8/2k5/6K1/8/8/6P1/8 b - - 0 1,valid,2,white_win,32,0.006864,0.856681,0.136455,draw,0.863545,36.022,4.022,hard_error|low_confidence|dtm_error
kpk,1874116,2k5/8/8/4K3/1P6/8/8/8 w - - 0 1,valid,1,draw,-1,0.011675,0.137023,0.851302,white_win,0.862977,17.707,,hard_error|low_confidence
kpk,1928167,5k2/7K/7P/8/8/8/8/8 w - - 0 1,train,1,draw,-1,0.026246,0.138501,0.835253,white_win,0.861499,11.384,,hard_error|low_confidence
kpk,2200496,8/8/8/8/K7/7P/8/6k1 b - - 0 1,test,2,white_win,26,0.002437,0.858311,0.139252,draw,0.860748,31.435,5.435,hard_error|low_confidence|dtm_error
kpk,3942822,k7/8/3P4/8/8/6K1/8/8 b - - 0 1,test,1,draw,-1,0.008321,0.140826,0.850853,white_win,0.859174,19.25,,hard_error|low_confidence
kpk,1401109,8/8/5k2/2P5/8/8/5K2/8 w - - 0 1,train,1,draw,-1,0.011934,0.144298,0.843768,white_win,0.855702,22.659,,hard_error|low_confidence
kpk,2200535,8/8/7K/8/8/7P/8/6k1 b - - 0 1,test,2,white_win,28,0.004479,0.850064,0.145456,draw,0.854544,29.104,1.104,hard_error|low_confidence
kpk,1694485,8/7k/8/8/6P1/8/5K2/8 w - - 0 1,train,1,draw,-1,0.009282,0.145857,0.844861,white_win,0.854143,22.304,,hard_error|low_confidence
kpk,4033459,6k1/8/8/8/3K4/8/7P/8 b - - 0 1,train,1,draw,-1,0.014862,0.146645,0.838493,white_win,0.853355,29.22,,hard_error|low_confidence
kpk,1132545,8/8/8/5k2/8/8/P7/1K6 w - - 0 1,valid,1,draw,-1,0.025433,0.14936,0.825207,white_win,0.85064,35.878,,hard_error|low_confidence
kpk,282694,8/8/8/6K1/8/P7/1k6/8 w - - 0 1,train,2,white_win,23,0.006712,0.84182,0.151469,draw,0.848531,29.401,6.401,hard_error|low_confidence|dtm_error
kpk,4049666,7k/8/8/8/8/8/6P1/2K5 b - - 0 1,train,1,draw,-1,0.01042,0.151917,0.837664,white_win,0.848083,35.786,,hard_error|low_confidence
kpk,1859927,1k6/8/7K/2P5/8/8/8/8 w - - 0 1,train,1,draw,-1,0.009596,0.153102,0.837302,white_win,0.846898,21.222,,hard_error|low_confidence
kpk,4016196,5k2/8/8/4K3/8/8/P7/8 b - - 0 1,train,1,draw,-1,0.014788,0.154085,0.831127,white_win,0.845915,27.279,,hard_error|low_confidence
kpk,1628225,8/3k4/8/1K6/P7/8/8/8 w - - 0 1,train,1,draw,-1,0.014361,0.157619,0.82802,white_win,0.842381,22.266,,hard_error|low_confidence
kpk,3500322,8/8/2P2k2/8/8/2K5/8/8 b - - 0 1,train,1,draw,-1,0.010605,0.158223,0.831171,white_win,0.841777,20.973,,hard_error|low_confidence
kpk,1907361,4k3/8/8/8/5P2/1K6/8/8 w - - 0 1,valid,1,draw,-1,0.009997,0.161352,0.828652,white_win,0.838648,22.787,,hard_error|low_confidence
kpk,1610630,8/2k5/8/8/8/7P/8/6K1 w - - 0 1,valid,1,draw,-1,0.018958,0.16289,0.818152,white_win,0.83711,32.992,,hard_error|low_confidence
kpk,1628306,8/3k4/8/8/1P6/8/2K5/8 w - - 0 1,test,1,draw,-1,0.010685,0.164687,0.824628,white_win,0.835313,25.838,,hard_error|low_confidence
kpk,1921683,5k2/8/8/8/8/5P2/3K4/8 w - - 0 1,train,1,draw,-1,0.014947,0.166024,0.819028,white_win,0.833976,26.739,,hard_error|low_confidence
kpk,3486208,8/4P3/4k3/8/8/8/8/K7 b - - 0 1,train,1,draw,-1,0.01355,0.171787,0.814663,white_win,0.828213,21.431,,hard_error|low_confidence
kpk,1574914,8/k7/8/8/8/8/P7/2K5 w - - 0 1,train,1,draw,-1,0.014533,0.171894,0.813573,white_win,0.828106,31.201,,hard_error|low_confidence
kpk,3728068,8/3k4/8/4KP2/8/8/8/8 b - - 0 1,train,1,draw,-1,0.0247,0.173523,0.801777,white_win,0.826477,18.912,,hard_error|low_confidence
kpk,2937655,8/8/8/8/3k3K/6P1/8/8 b - - 0 1,train,2,white_win,34,0.012138,0.812698,0.175164,draw,0.824836,35.848,1.848,hard_error|low_confidence
kpk,3502704,K7/4P3/5k2/8/8/8/8/8 b - - 0 1,train,1,draw,-1,0.016446,0.17564,0.807914,white_win,0.82436,20.725,,hard_error|low_confidence
kpk,1579073,8/k7/8/1K6/P7/8/8/8 w - - 0 1,train,1,draw,-1,0.013624,0.176876,0.8095,white_win,0.823124,17.154,,hard_error|low_confidence
kpk,2892000,8/K7/8/1P6/k7/8/8/8 b - - 0 1,valid,1,draw,-1,0.011759,0.177455,0.810786,white_win,0.822545,19.367,,hard_error|low_confidence
kpk,3748675,8/4k1P1/8/3K4/8/8/8/8 b - - 0 1,test,1,draw,-1,0.023069,0.178404,0.798528,white_win,0.821596,10.989,,hard_error|low_confidence
kpk,2148432,8/8/K7/8/8/8/P7/3k4 b - - 0 1,train,2,white_win,28,0.004303,0.815484,0.180212,draw,0.819788,33.286,5.286,hard_error|low_confidence|dtm_error
kpk,1942403,6k1/8/8/7P/8/8/8/3K4 w - - 0 1,train,1,draw,-1,0.01181,0.185815,0.802376,white_win,0.814185,22.593,,hard_error|low_confidence
kpk,3205285,8/8/1P6/3k4/8/5K2/8/8 b - - 0 1,test,1,draw,-1,0.010308,0.187443,0.802249,white_win,0.812557,20.778,,hard_error|low_confidence
kpk,1651397,8/4kP2/8/5K2/8/8/8/8 w - - 0 1,valid,1,draw,-1,0.036082,0.188065,0.775853,white_win,0.811935,8.626,,hard_error|low_confidence
kpk,4016833,5k2/8/8/1K6/8/8/5P2/8 b - - 0 1,valid,1,draw,-1,0.012994,0.188914,0.798092,white_win,0.811086,31.081,,hard_error|low_confidence
kpk,3007125,8/8/8/5P2/7k/8/5K2/8 b - - 0 1,train,1,draw,-1,0.006685,0.189645,0.80367,white_win,0.810355,17.98,,hard_error|low_confidence
kpk,3508243,8/8/6k1/8/8/8/P2K4/8 b - - 0 1,test,1,draw,-1,0.017429,0.191508,0.791063,white_win,0.808492,35.43,,hard_error|low_confidence
kpk,2168886,8/8/8/8/P5K1/8/8/4k3 b - - 0 1,train,2,white_win,22,0.005292,0.802868,0.19184,draw,0.80816,22.813,0.813,hard_error|low_confidence
kpk,1956610,7k/8/8/8/6P1/8/8/2K5 w - - 0 1,valid,1,draw,-1,0.012012,0.192325,0.795663,white_win,0.807675,25.698,,hard_error|low_confidence
kpk,3172743,8/8/3P4/1k6/8/8/8/7K b - - 0 1,train,1,draw,-1,0.00856,0.192923,0.798517,white_win,0.807077,25.427,,hard_error|low_confidence
kpk,2134499,8/3K4/8/8/8/3P4/8/2k5 b - - 0 1,train,2,white_win,26,0.00384,0.802332,0.193828,draw,0.806172,29.187,3.187,hard_error|low_confidence
kpk,3418608,K7/8/k2P4/8/8/8/8/8 b - - 0 1,train,1,draw,-1,0.009799,0.194745,0.795456,white_win,0.805255,14.775,,hard_error|low_confidence
kpk,3533431,7K/8/4P2k/8/8/8/8/8 b - - 0 1,train,1,draw,-1,0.009799,0.194745,0.795456,white_win,0.805255,14.775,,hard_error|low_confidence
kpk,365520,8/8/K7/8/8/7P/6k1/8 w - - 0 1,train,2,white_win,25,0.007207,0.795865,0.196928,draw,0.803072,32.209,7.209,hard_error|low_confidence|dtm_error
kpk,2183271,8/7K/8/8/8/P7/8/5k2 b - - 0 1,train,2,white_win,28,0.005191,0.797378,0.197431,draw,0.802569,31.197,3.197,hard_error|low_confidence
kpk,1875987,2k5/8/8/P7/8/8/3K4/8 w - - 0 1,valid,1,draw,-1,0.012412,0.198288,0.7893,white_win,0.801712,19.403,,hard_error|low_confidence
kpk,1890662,3k4/6K1/8/8/2P5/8/8/8 w - - 0 1,train,1,draw,-1,0.009654,0.199383,0.790963,white_win,0.800617,19.671,,hard_error|low_confidence
kpk,281044,8/8/4K3/8/8/8/1k1P4/8 w - - 0 1,valid,2,white_win,21,0.010962,0.78556,0.203478,draw,0.796522,30.908,9.908,hard_error|low_confidence|dtm_error
kpk,1432502,8/8/7k/8/6KP/8/8/8 w - - 0 1,train,1,draw,-1,0.022729,0.205537,0.771734,white_win,0.794463,17.063,,hard_error|low_confidence
kpk,3713669,8/2k5/5P2/8/8/8/8/5K2 b - - 0 1,train,1,draw,-1,0.009207,0.20613,0.784662,white_win,0.79387,24.995,,hard_error|low_confidence
kpk,4006309,4k3/8/8/3P4/8/5K2/8/8 b - - 0 1,train,1,draw,-1,0.008869,0.209276,0.781855,white_win,0.790724,20.486,,hard_error|low_confidence
kpk,4022692,5k2/8/8/3P4/8/4K3/8/8 b - - 0 1,train,1,draw,-1,0.008869,0.209276,0.781855,white_win,0.790724,20.486,,hard_error|low_confidence
kpk,101248,8/8/8/8/8/8/7P/K5k1 w - - 0 1,train,2,white_win,27,0.004862,0.784015,0.211123,draw,0.788877,30.258,3.258,hard_error|low_confidence
kpk,2990357,8/8/8/2P5/6k1/8/5K2/8 b - - 0 1,train,1,draw,-1,0.010841,0.213037,0.776122,white_win,0.786963,21.305,,hard_error|low_confidence
kpk,4035091,6k1/8/8/8/8/4P3/3K4/8 b - - 0 1,test,1,draw,-1,0.012653,0.214339,0.773009,white_win,0.785661,30.644,,hard_error|low_confidence
kpk,3476374,8/8/4k3/8/8/8/6KP/8 b - - 0 1,train,1,draw,-1,0.015129,0.214644,0.770228,white_win,0.785356,36.785,,hard_error|low_confidence
kpk,2198134,6K1/8/8/8/8/8/4P3/6k1 b - - 0 1,train,2,white_win,28,0.002336,0.781752,0.215911,draw,0.784089,34.995,6.995,hard_error|low_confidence|dtm_error
kpk,2153410,8/8/8/2K5/7P/8/8/3k4 b - - 0 1,train,2,white_win,22,0.006693,0.771186,0.222121,draw,0.777879,22.503,0.503,hard_error|low_confidence
kpk,3972087,2k4K/8/8/8/7P/8/8/8 b - - 0 1,test,2,white_win,26,0.011159,0.766689,0.222153,draw,0.777847,25.375,0.625,hard_error|low_confidence
kpk,1312998,8/6K1/k7/8/8/8/1P6/8 w - - 0 1,valid,1,draw,-1,0.007014,0.223417,0.76957,white_win,0.776583,30.015,,hard_error|low_confidence
kpk,1644709,8/4k3/8/8/1P6/5K2/8/8 w - - 0 1,train,1,draw,-1,0.010046,0.223954,0.766,white_win,0.776046,23.471,,hard_error|low_confidence
kpk,3197088,8/8/8/3k4/8/K7/1P6/8 b - - 0 1,train,2,white_win,44,0.012681,0.762596,0.224722,draw,0.775278,38.836,5.164,hard_error|low_confidence|dtm_error
kpk,3973600,2k5/K7/8/3P4/8/8/8/8 b - - 0 1,test,1,draw,-1,0.00874,0.225676,0.765584,white_win,0.774324,18.731,,hard_error|low_confidence
kpk,3452998,8/P7/2k5/6K1/8/8/8/8 b - - 0 1,train,1,draw,-1,0.014958,0.226854,0.758188,white_win,0.773146,18.118,,hard_error|low_confidence
kpk,1893200,3k4/8/K7/6P1/8/8/8/8 w - - 0 1,train,1,draw,-1,0.008609,0.227559,0.763832,white_win,0.772441,17.554,,hard_error|low_confidence
kpk,3756727,8/5k2/8/8/7K/5P2/8/8 b - - 0 1,train,1,draw,-1,0.011986,0.230659,0.757355,white_win,0.769341,31.36,,hard_error|low_confidence
kpk,3229906,8/8/2K5/5k2/8/8/1P6/8 b - - 0 1,valid,2,white_win,28,0.007505,0.761502,0.230993,draw,0.769007,34.193,6.193,hard_error|low_confidence|dtm_error
kpk,1645184,8/4k3/8/8/5P2/8/8/K7 w - - 0 1,train,1,draw,-1,0.011437,0.23351,0.755052,white_win,0.76649,29.561,,hard_error|low_confidence
kpk,2218976,8/K7/8/8/7P/8/8/7k b - - 0 1,train,2,white_win,26,0.004121,0.760117,0.235762,draw,0.764238,28.873,2.873,hard_error|low_confidence
kpk,3154452,8/8/8/k3P3/8/8/4K3/8 b - - 0 1,train,1,draw,-1,0.010212,0.236845,0.752944,white_win,0.763155,21.226,,hard_error|low_confidence
kpk,3776838,8/6k1/8/2P3K1/8/8/8/8 b - - 0 1,valid,1,draw,-1,0.009944,0.237879,0.752177,white_win,0.762121,20.588,,hard_error|low_confidence
kpk,1876007,2k5/8/8/P7/8/7K/8/8 w - - 0 1,valid,1,draw,-1,0.009089,0.238599,0.752312,white_win,0.761401,20.919,,hard_error|low_confidence
kpk,563366,8/8/8/8/1P6/2k3K1/8/8 w - - 0 1,train,2,white_win,23,0.010779,0.747097,0.242124,draw,0.757876,25.509,2.509,hard_error|low_confidence
kpk,2481138,2K5/8/8/8/7P/8/7k/8 b - - 0 1,train,2,white_win,26,0.005354,0.75094,0.243706,draw,0.756294,28.699,2.699,hard_error|low_confidence
kpk,266355,3K4/8/8/8/8/P7/k7/8 w - - 0 1,train,2,white_win,27,0.008725,0.744502,0.246773,draw,0.753227,27.968,0.968,hard_error|low_confidence
kpk,3238820,8/8/7P/5k2/8/4K3/8/8 b - - 0 1,test,1,draw,-1,0.012047,0.248517,0.739436,white_win,0.751483,18.158,,hard_error|low_confidence
kpk,2183680,8/8/8/8/8/4P3/8/K4k2 b - - 0 1,train,2,white_win,26,0.004569,0.746694,0.248736,draw,0.751264,29.514,3.514,hard_error|low_confidence
kpk,543107,8/8/8/8/8/1k6/3P4/3K4 w - - 0 1,train,2,white_win,45,0.018104,0.733066,0.248831,draw,0.751169,30.321,14.679,hard_error|low_confidence|dtm_error
kpk,594016,8/K7/8/8/8/P3k3/8/8 w - - 0 1,train,2,white_win,27,0.015321,0.734883,0.249796,draw,0.750204,31.883,4.883,hard_error|low_confidence|dtm_error
kpk,3754209,8/1K3k2/8/8/8/8/1P6/8 b - - 0 1,train,2,white_win,30,0.007662,0.740959,0.251379,draw,0.748621,33.772,3.772,hard_error|low_confidence
kpk,2380646,8/6K1/8/8/8/6P1/1k6/8 b - - 0 1,train,2,white_win,26,0.010296,0.738159,0.251545,draw,0.748455,33.491,7.491,hard_error|low_confidence|dtm_error
kpk,3711638,8/2k5/8/5P2/8/8/6K1/8 b - - 0 1,train,1,draw,-1,0.009552,0.251777,0.738671,white_win,0.748223,26.541,,hard_error|low_confidence
kpk,1940112,6k1/8/8/8/5P2/8/K7/8 w - - 0 1,train,1,draw,-1,0.012562,0.253163,0.734275,white_win,0.746837,26.36,,hard_error|low_confidence
kpk,1907682,4k3/2K5/8/8/7P/8/8/8 w - - 0 1,train,1,draw,-1,0.009377,0.255074,0.73555,white_win,0.744926,17.64,,hard_error|low_confidence
kpk,2150598,8/8/8/6K1/8/1P6/8/3k4 b - - 0 1,test,2,white_win,26,0.003715,0.739329,0.256956,draw,0.743044,27.968,1.968,hard_error|low_confidence
kpk,3508277,8/8/6k1/8/5K2/8/P7/8 b - - 0 1,train,1,draw,-1,0.015552,0.257226,0.727222,white_win,0.742774,30.513,,hard_error|low_confidence
kpk,821668,8/8/8/8/2k5/4K3/3P4/8 w - - 0 1,train,2,white_win,35,0.0204,0.720407,0.259193,draw,0.740807,29.079,5.921,hard_error|low_confidence|dtm_error
kpk,575586,8/2K5/8/8/8/3k4/P7/8 w - - 0 1,train,2,white_win,27,0.008851,0.730194,0.260955,draw,0.739045,33.285,6.285,hard_error|low_confidence|dtm_error
kpk,3222290,8/8/6P1/4k3/8/8/2K5/8 b - - 0 1,train,1,draw,-1,0.010722,0.261835,0.727443,white_win,0.738165,23.39,,hard_error|low_confidence
kpk,1626673,8/3k4/8/8/1K6/4P3/8/8 w - - 0 1,train,1,draw,-1,0.011307,0.265134,0.723558,white_win,0.734866,27.56,,hard_error|low_confidence
kpk,2427185,8/8/8/8/1K6/8/2P1k3/8 b - - 0 1,train,2,white_win,32,0.0116,0.711459,0.27694,draw,0.72306,33.541,1.541,hard_error|low_confidence
kpk,4057712,K6k/8/4P3/8/8/8/8/8 b - - 0 1,test,1,draw,-1,0.009198,0.279056,0.711746,white_win,0.720944,19.86,,hard_error|low_confidence
kpk,3238359,8/8/3P3K/5k2/8/8/8/8 b - - 0 1,train,1,draw,-1,0.011207,0.279416,0.709377,white_win,0.720584,20.756,,hard_error|low_confidence
kpk,3427031,8/8/1k5K/8/8/8/5P2/8 b - - 0 1,train,2,white_win,28,0.005995,0.713216,0.280789,draw,0.719211,37.891,9.891,hard_error|low_confidence|dtm_error
kpk,2167651,8/3K4/8/8/8/6P1/8/4k3 b - - 0 1,valid,2,white_win,26,0.003988,0.714806,0.281206,draw,0.718794,29.583,3.583,hard_error|low_confidence
kpk,2705474,8/8/8/2K5/8/5k2/P7/8 b - - 0 1,train,2,white_win,24,0.013879,0.704604,0.281517,draw,0.718483,34.549,10.549,hard_error|low_confidence|dtm_error
kpk,3519251,8/6P1/6k1/8/8/8/3K4/8 b - - 0 1,train,1,draw,-1,0.020361,0.282038,0.697602,white_win,0.717962,16.668,,hard_error|low_confidence
kpk,1378529,8/1K6/4k3/8/8/8/1P6/8 w - - 0 1,train,2,white_win,29,0.010607,0.706171,0.283221,draw,0.716779,31.754,2.754,hard_error|low_confidence
kpk,3740001,8/1K2k3/8/8/8/2P5/8/8 b - - 0 1,train,2,white_win,36,0.006559,0.70855,0.28489,draw,0.71511,29.799,6.201,hard_error|low_confidence|dtm_error
kpk,2132945,8/8/1K6/8/8/8/7P/2k5 b - - 0 1,train,2,white_win,26,0.005945,0.70656,0.287496,draw,0.712504,31.787,5.787,hard_error|low_confidence|dtm_error
kpk,2972115,8/8/3K4/8/3P1k2/8/8/8 b - - 0 1,train,2,white_win,26,0.020033,0.689242,0.290725,draw,0.709275,25.772,0.228,hard_error|low_confidence
kpk,2399223,7K/8/8/8/7P/8/2k5/8 b - - 0 1,train,2,white_win,26,0.015615,0.68796,0.296425,draw,0.703575,32.38,6.38,hard_error|low_confidence|dtm_error
kpk,2415603,3K4/8/8/8/7P/8/3k4/8 b - - 0 1,train,2,white_win,26,0.008983,0.69335,0.297667,draw,0.702333,30.829,4.829,hard_error|low_confidence|dtm_error
kpk,1117015,8/8/7K/4k3/8/8/6P1/8 w - - 0 1,train,2,white_win,29,0.012274,0.688359,0.299368,draw,0.700632,35.38,6.38,hard_error|low_confidence|dtm_error
kpk,4034929,1K4k1/8/8/8/8/2P5/8/8 b - - 0 1,test,2,white_win,30,0.007819,0.690864,0.301317,draw,0.698683,29.531,0.469,hard_error|low_confidence
kpk,1411843,8/8/6k1/8/8/8/6P1/3K4 w - - 0 1,test,1,draw,-1,0.01362,0.301891,0.684488,white_win,0.698109,34.351,,hard_error|low_confidence
kpk,2184067,8/8/8/8/8/7P/8/3K1k2 b - - 0 1,train,2,white_win,26,0.004956,0.690164,0.30488,draw,0.69512,25.064,0.936,hard_error|low_confidence
kpk,1116368,8/8/K7/4k3/8/8/1P6/8 w - - 0 1,test,2,white_win,29,0.012863,0.681998,0.305138,draw,0.694862,36.555,7.555,hard_error|low_confidence|dtm_error
kpk,579638,8/8/8/8/P5K1/3k4/8/8 w - - 0 1,valid,2,white_win,21,0.009354,0.681823,0.308823,draw,0.691177,25.122,4.122,hard_error|low_confidence|dtm_error
kpk,1167623,8/8/8/7k/8/2P5/8/7K w - - 0 1,test,1,draw,-1,0.012896,0.309852,0.677251,white_win,0.690148,25.42,,hard_error|low_confidence
kpk,3453270,8/2P5/2k3K1/8/8/8/8/8 b - - 0 1,valid,1,draw,-1,0.024112,0.309885,0.666003,white_win,0.690115,17.407,,hard_error|low_confidence
kpk,1379174,8/6K1/4k3/8/8/8/6P1/8 w - - 0 1,train,2,white_win,29,0.010621,0.679098,0.31028,draw,0.68972,29.969,0.969,hard_error|low_confidence
kpk,3721217,8/3k4/8/8/8/8/P7/1K6 b - - 0 1,train,1,draw,-1,0.015842,0.310495,0.673663,white_win,0.689505,38.64,,hard_error|low_confidence
kpk,2990337,8/8/8/2P5/6k1/8/8/1K6 b - - 0 1,train,1,draw,-1,0.01224,0.310733,0.677028,white_win,0.689267,27.457,,hard_error|low_confidence
kpk,3453094,8/1P6/2k5/8/8/6K1/8/8 b - - 0 1,train,1,draw,-1,0.022971,0.31128,0.665748,white_win,0.68872,18.525,,hard_error|low_confidence
kpk,1611781,8/2k5/8/8/P7/8/8/5K2 w - - 0 1,train,1,draw,-1,0.011873,0.313891,0.674236,white_win,0.686109,28.865,,hard_error|low_confidence
kpk,3744694,8/4k3/8/7P/6K1/8/8/8 b - - 0 1,train,1,draw,-1,0.014723,0.315045,0.670232,white_win,0.684955,23.22,,hard_error|low_confidence
kpk,348885,8/8/5K2/8/8/5P2/5k2/8 w - - 0 1,test,2,white_win,25,0.012716,0.671015,0.316269,draw,0.683731,25.742,0.742,hard_error|low_confidence
kpk,3738274,8/4k3/8/8/8/2K5/5P2/8 b - - 0 1,train,1,draw,-1,0.011215,0.320142,0.668642,white_win,0.679858,33.972,,hard_error|low_confidence
kpk,3231888,8/8/8/5k2/8/1P6/K7/8 b - - 0 1,valid,2,white_win,44,0.015809,0.664017,0.320174,draw,0.679826,36.362,7.638,hard_error|low_confidence|dtm_error
kpk,1642935,8/4k3/8/8/7K/3P4/8/8 w - - 0 1,valid,1,draw,-1,0.012295,0.320641,0.667064,white_win,0.679359,29.192,,hard_error|low_confidence
kpk,2119748,8/8/8/4K3/P7/8/8/1k6 b - - 0 1,train,2,white_win,20,0.008616,0.670119,0.321265,draw,0.678735,22.117,2.117,hard_error|low_confidence
kpk,4004389,4k3/8/8/8/4P3/5K2/8/8 b - - 0 1,test,1,draw,-1,0.014347,0.322699,0.662955,white_win,0.677301,23.567,,hard_error|low_confidence
kpk,1428256,8/8/7k/8/8/K7/6P1/8 w - - 0 1,train,1,draw,-1,0.006974,0.325129,0.667896,white_win,0.674871,33.205,,hard_error|low_confidence
kpk,2183728,8/8/8/8/K7/4P3/8/5k2 b - - 0 1,train,2,white_win,26,0.005197,0.667964,0.326839,draw,0.673161,30.564,4.564,hard_error|low_confidence|dtm_error
kpk,2363943,8/8/8/8/8/4P2K/k7/8 b - - 0 1,train,2,white_win,36,0.006788,0.665061,0.328151,draw,0.671849,32.275,3.725,hard_error|low_confidence
kpk,2626103,8/8/8/8/7K/k3P3/8/8 b - - 0 1,train,2,white_win,34,0.006788,0.665061,0.328151,draw,0.671849,32.275,1.725,hard_error|low_confidence
kpk,264531,8/8/3K4/8/8/8/k1P5/8 w - - 0 1,train,2,white_win,23,0.010588,0.660294,0.329118,draw,0.670882,26.991,3.991,hard_error|low_confidence
kpk,2626132,8/8/4K3/8/8/k3P3/8/8 b - - 0 1,train,2,white_win,24,0.008249,0.661349,0.330402,draw,0.669598,26.595,2.595,hard_error|low_confidence
kpk,580561,8/8/1K6/8/7P/3k4/8/8 w - - 0 1,test,2,white_win,23,0.011839,0.654147,0.334014,draw,0.665986,25.553,2.553,hard_error|low_confidence
kpk,3743760,8/4k3/8/P7/8/8/K7/8 b - - 0 1,train,1,draw,-1,0.014321,0.335835,0.649844,white_win,0.664165,27.653,,hard_error|low_confidence
kpk,594001,8/8/1K6/8/8/P3k3/8/8 w - - 0 1,train,2,white_win,25,0.015231,0.647373,0.337395,draw,0.662605,29.584,4.584,hard_error|low_confidence|dtm_error
kpk,3412726,6K1/8/k7/8/8/5P2/8/8 b - - 0 1,train,2,white_win,28,0.008207,0.654331,0.337463,draw,0.662537,31.471,3.471,hard_error|low_confidence
kpk,1891313,1K1k4/8/8/8/7P/8/8/8 w - - 0 1,train,1,draw,-1,0.009234,0.342558,0.648208,white_win,0.657442,18.507,,hard_error|low_confidence
kpk,3721734,8/3k4/8/8/8/8/4P3/6K1 b - - 0 1,test,1,draw,-1,0.012009,0.342581,0.64541,white_win,0.657419,39.146,,hard_error|low_confidence
kpk,1135431,8/8/8/5k1K/8/6P1/8/8 w - - 0 1,test,2,white_win,33,0.022554,0.634126,0.343319,draw,0.656681,27.389,5.611,hard_error|low_confidence|dtm_error
kpk,1861938,1k6/8/2P5/8/2K5/8/8/8 w - - 0 1,train,1,draw,-1,0.022827,0.343553,0.63362,white_win,0.656447,12.318,,hard_error|low_confidence
kpk,545633,8/1K6/8/8/8/1k4P1/8/8 w - - 0 1,train,1,draw,-1,0.012847,0.343934,0.643219,white_win,0.656066,27.848,,hard_error|low_confidence
kpk,1923840,5k2/8/8/8/6P1/8/8/K7 w - - 0 1,test,1,draw,-1,0.011476,0.346677,0.641847,white_win,0.653323,27.11,,hard_error|low_confidence
kpk,2740672,8/8/8/K7/8/3P3k/8/8 b - - 0 1,train,2,white_win,34,0.007087,0.642374,0.350539,draw,0.649461,32.658,1.342,hard_error|low_confidence
kpk,3453203,8/2P5/2k5/8/8/8/3K4/8 b - - 0 1,train,1,draw,-1,0.022551,0.350916,0.626533,white_win,0.649084,17.76,,hard_error|low_confidence
kpk,1385363,8/8/4k3/7P/8/8/3K4/8 w - - 0 1,train,1,draw,-1,0.015504,0.35133,0.633165,white_win,0.64867,22.796,,hard_error|low_confidence
kpk,4020769,5k2/8/8/8/4P3/1K6/8/8 b - - 0 1,train,1,draw,-1,0.009495,0.351974,0.638532,white_win,0.648026,26.344,,hard_error|low_confidence
kpk,2483120,8/8/8/7P/K7/8/7k/8 b - - 0 1,train,2,white_win,22,0.005608,0.63782,0.356572,draw,0.643428,25.156,3.156,hard_error|low_confidence
kpk,1661287,8/5k1K/8/8/2P5/8/8/8 w - - 0 1,train,1,draw,-1,0.010591,0.357249,0.63216,white_win,0.642751,22.316,,hard_error|low_confidence
kpk,315702,8/8/8/8/6K1/2P5/3k4/8 w - - 0 1,train,2,white_win,23,0.010092,0.632564,0.357345,draw,0.642655,26.942,3.942,hard_error|low_confidence
kpk,2121846,6K1/8/8/P7/8/8/8/1k6 b - - 0 1,train,2,white_win,24,0.008243,0.633538,0.358219,draw,0.641781,26.381,2.381,hard_error|low_confidence
kpk,2181159,8/8/8/8/8/7K/P7/5k2 b - - 0 1,train,2,white_win,26,0.005711,0.634725,0.359564,draw,0.640436,29.588,3.588,hard_error|low_confidence
kpk,1675936,8/6k1/8/8/8/K4P2/8/8 w - - 0 1,train,1,draw,-1,0.012342,0.359623,0.628035,white_win,0.640377,33.071,,hard_error|low_confidence
kpk,2204625,8/8/1K6/7P/8/8/8/6k1 b - - 0 1,train,2,white_win,22,0.008594,0.631454,0.359952,draw,0.640048,22.751,0.751,hard_error|low_confidence
kpk,3721440,8/K2k4/8/8/8/8/1P6/8 b - - 0 1,train,2,white_win,44,0.008359,0.628513,0.363128,draw,0.636872,34.384,9.616,hard_error|low_confidence|dtm_error
kpk,2417633,8/1K6/8/7P/8/8/3k4/8 b - - 0 1,train,2,white_win,22,0.00887,0.627416,0.363715,draw,0.636285,25.52,3.52,hard_error|low_confidence
kpk,645984,8/K7/8/8/6P1/7k/8/8 w - - 0 1,train,2,white_win,25,0.010281,0.625318,0.364401,draw,0.635599,26.041,1.041,hard_error|low_confidence
kpk,1640518,8/4k3/8/6K1/8/8/P7/8 w - - 0 1,test,1,draw,-1,0.011233,0.364976,0.623791,white_win,0.635024,29.222,,hard_error|low_confidence
kpk,2153223,8/8/8/8/6P1/8/8/3k3K b - - 0 1,valid,2,white_win,26,0.007995,0.626139,0.365865,draw,0.634135,24.745,1.255,hard_error|low_confidence
kpk,67696,K7/8/8/8/8/8/P7/4k3 w - - 0 1,train,2,white_win,27,0.008016,0.62503,0.366954,draw,0.633046,33.073,6.073,hard_error|low_confidence|dtm_error
kpk,2695280,K7/8/8/P7/8/4k3/8/8 b - - 0 1,train,2,white_win,24,0.018291,0.613325,0.368384,draw,0.631616,29.1,5.1,hard_error|low_confidence|dtm_error
kpk,1382434,8/8/4k3/8/P7/2K5/8/8 w - - 0 1,train,1,draw,-1,0.020807,0.369076,0.610116,white_win,0.630924,24.538,,hard_error|low_confidence
kpk,3986114,3k4/8/8/2K5/8/5P2/8/8 b - - 0 1,test,1,draw,-1,0.010758,0.369222,0.62002,white_win,0.630778,25.21,,hard_error|low_confidence
kpk,3443507,8/8/2k5/8/3K4/8/6P1/8 b - - 0 1,train,2,white_win,48,0.011591,0.617123,0.371286,draw,0.628714,31.305,16.695,hard_error|low_confidence|dtm_error
kpk,3707668,8/2k5/8/8/8/6P1/4K3/8 b - - 0 1,train,2,white_win,44,0.008773,0.614436,0.376791,draw,0.623209,32.862,11.138,hard_error|low_confidence|dtm_error
kpk,3938690,k7/8/8/8/3P4/8/8/2K5 b - - 0 1,train,1,draw,-1,0.009301,0.378475,0.612225,white_win,0.621525,27.836,,hard_error|low_confidence
kpk,1894947,3k4/8/4P3/8/8/3K4/8/8 w - - 0 1,train,1,draw,-1,0.021968,0.379001,0.599031,white_win,0.620999,13.082,,hard_error|low_confidence
kpk,2712528,8/8/K7/7P/8/5k2/8/8 b - - 0 1,train,2,white_win,22,0.007326,0.607886,0.384788,draw,0.615212,28.913,6.913,hard_error|low_confidence|dtm_error
kpk,1139559,8/7K/8/5kP1/8/8/8/8 w - - 0 1,train,2,white_win,23,0.0398,0.574433,0.385767,draw,0.614233,21.153,1.847,hard_error|low_confidence
kpk,1149632,8/8/8/K5k1/8/8/5P2/8 w - - 0 1,test,1,draw,-1,0.008019,0.386148,0.605833,white_win,0.613852,34.78,,hard_error|low_confidence
kpk,1874167,2k4K/8/8/8/1P6/8/8/8 w - - 0 1,train,1,draw,-1,0.01051,0.386199,0.603291,white_win,0.613801,22.846,,hard_error|low_confidence
kpk,3940612,k7/8/8/2P5/8/8/8/4K3 b - - 0 1,train,1,draw,-1,0.00876,0.38668,0.60456,white_win,0.61332,24.852,,hard_error|low_confidence
kpk,4039313,6k1/8/8/5P2/8/8/1K6/8 b - - 0 1,train,1,draw,-1,0.008603,0.386701,0.604696,white_win,0.613299,24.153,,hard_error|low_confidence
kpk,2103591,8/8/8/8/2P5/7K/8/k7 b - - 0 1,train,2,white_win,24,0.005859,0.606196,0.387945,draw,0.612055,27.618,3.618,hard_error|low_confidence
kpk,2743010,8/2K5/8/8/5P2/7k/8/8 b - - 0 1,train,1,draw,-1,0.007037,0.388706,0.604257,white_win,0.611294,26.137,,hard_error|low_confidence
kpk,3938501,k7/8/8/5K2/1P6/8/8/8 b - - 0 1,test,1,draw,-1,0.00872,0.389745,0.601535,white_win,0.610255,23.204,,hard_error|low_confidence
kpk,2941076,8/8/8/1P6/3k4/8/4K3/8 b - - 0 1,train,1,draw,-1,0.01221,0.390757,0.597033,white_win,0.609243,24.812,,hard_error|low_confidence
kpk,3412241,8/8/k7/8/8/2P5/1K6/8 b - - 0 1,test,1,draw,-1,0.0087,0.390794,0.600506,white_win,0.609206,27.432,,hard_error|low_confidence
kpk,2904933,8/5K2/8/8/1k6/6P1/8/8 b - - 0 1,train,2,white_win,26,0.010304,0.598196,0.3915,draw,0.6085,32.059,6.059,hard_error|low_confidence|dtm_error
kpk,2138998,6K1/8/8/6P1/8/8/8/2k5 b - - 0 1,train,2,white_win,24,0.012644,0.595213,0.392144,draw,0.607856,25.684,1.684,hard_error|low_confidence
kpk,1659029,8/5k2/8/8/8/1P6/5K2/8 w - - 0 1,train,1,draw,-1,0.011083,0.3922,0.596717,white_win,0.6078,29.005,,hard_error|low_confidence
kpk,4039063,6k1/8/8/3P4/8/8/7K/8 b - - 0 1,train,1,draw,-1,0.008951,0.392764,0.598285,white_win,0.607236,24.014,,hard_error|low_confidence
kpk,4022948,5k2/8/8/5P2/8/4K3/8/8 b - - 0 1,train,1,draw,-1,0.011159,0.393663,0.595178,white_win,0.606337,19.866,,hard_error|low_confidence
kpk,3181317,8/8/8/2k5/8/8/6P1/5K2 b - - 0 1,test,2,white_win,48,0.014881,0.59067,0.394449,draw,0.605551,38.585,9.415,hard_error|low_confidence|dtm_error
kpk,2709778,8/8/8/8/2P5/5k2/2K5/8 b - - 0 1,test,2,white_win,36,0.010265,0.595002,0.394733,draw,0.605267,28.489,7.511,hard_error|low_confidence|dtm_error
kpk,629552,8/8/8/8/K5P1/6k1/8/8 w - - 0 1,test,2,white_win,23,0.011512,0.593242,0.395246,draw,0.604754,27.635,4.635,hard_error|low_confidence|dtm_error
kpk,2953281,8/8/8/1K6/4k3/P7/8/8 b - - 0 1,valid,2,white_win,30,0.017106,0.585117,0.397777,draw,0.602223,33.705,3.705,hard_error|low_confidence
kpk,3741988,8/4k3/8/8/2P5/4K3/8/8 b - - 0 1,train,1,draw,-1,0.009462,0.401392,0.589146,white_win,0.598608,26.293,,hard_error|low_confidence
kpk,1681968,8/6k1/4P3/8/K7/8/8/8 w - - 0 1,train,1,draw,-1,0.026636,0.403373,0.569992,white_win,0.596627,21.703,,hard_error|low_confidence
kpk,2361734,8/8/8/8/8/8/k2P4/6K1 b - - 0 1,train,2,white_win,46,0.005224,0.591183,0.403593,draw,0.596407,34.338,11.662,hard_error|low_confidence|dtm_error
kpk,1643444,8/4k3/8/8/4K3/7P/8/8 w - - 0 1,train,1,draw,-1,0.015922,0.404487,0.579591,white_win,0.595513,24.314,,hard_error|low_confidence
kpk,35025,8/8/1K6/8/8/8/1P6/2k5 w - - 0 1,train,2,white_win,25,0.009475,0.585629,0.404896,draw,0.595104,27.773,2.773,hard_error|low_confidence
kpk,3172628,8/8/2P5/1k6/8/8/4K3/8 b - - 0 1,test,1,draw,-1,0.01222,0.406876,0.580904,white_win,0.593124,19.679,,hard_error|low_confidence
kpk,4039169,6k1/8/8/4P3/8/8/8/1K6 b - - 0 1,train,1,draw,-1,0.009287,0.408903,0.58181,white_win,0.591097,26.719,,hard_error|low_confidence
kpk,1601909,5K2/1kP5/8/8/8/8/8/8 w - - 0 1,train,1,draw,-1,0.043566,0.40926,0.547174,white_win,0.59074,13.969,,hard_error|low_confidence
kpk,36885,8/8/8/8/8/P7/5K2/2k5 w - - 0 1,train,2,white_win,23,0.006559,0.584028,0.409413,draw,0.590587,22.89,0.11,hard_error|low_confidence
kpk,3758594,8/5k2/8/8/4P3/8/8/2K5 b - - 0 1,train,1,draw,-1,0.009816,0.411782,0.578402,white_win,0.588218,32.285,,hard_error|low_confidence
kpk,2185345,8/8/8/8/1P6/8/8/1K3k2 b - - 0 1,train,2,white_win,24,0.009663,0.578371,0.411967,draw,0.588033,24.695,0.695,hard_error|low_confidence
kpk,299268,8/8/8/8/8/2P5/2k5/4K3 w - - 0 1,train,2,white_win,25,0.014905,0.572765,0.412329,draw,0.587671,26.112,1.112,hard_error|low_confidence
kpk,20518,8/8/8/8/8/P5K1/8/1k6 w - - 0 1,train,2,white_win,23,0.006177,0.57994,0.413883,draw,0.586117,25.594,2.594,hard_error|low_confidence
kpk,2218931,8/8/8/8/3K3P/8/8/7k b - - 0 1,train,2,white_win,20,0.009081,0.575999,0.41492,draw,0.58508,20.744,0.744,hard_error|low_confidence
kpk,2382384,8/8/8/8/K3P3/8/1k6/8 b - - 0 1,train,2,white_win,24,0.009084,0.575905,0.41501,draw,0.58499,26.178,2.178,hard_error|low_confidence
kpk,54241,8/1K6/8/8/8/7P/8/3k4 w - - 0 1,train,2,white_win,25,0.008453,0.576068,0.415478,draw,0.584522,26.865,1.865,hard_error|low_confidence
kpk,349159,8/7K/8/8/8/7P/5k2/8 w - - 0 1,train,2,white_win,27,0.010769,0.573738,0.415494,draw,0.584506,30.34,3.34,hard_error|low_confidence
kpk,1855526,1k6/8/8/8/8/P5K1/8/8 w - - 0 1,train,1,draw,-1,0.012561,0.415693,0.571746,white_win,0.584307,26.886,,hard_error|low_confidence
kpk,1104644,8/8/8/3k4/6P1/8/8/4K3 w - - 0 1,test,1,draw,-1,0.019491,0.415811,0.564698,white_win,0.584189,29.626,,hard_error|low_confidence
kpk,2367687,8/8/8/1P5K/8/8/k7/8 b - - 0 1,train,2,white_win,22,0.006607,0.57727,0.416123,draw,0.583877,25.672,3.672,hard_error|low_confidence
kpk,3238818,8/8/7P/5k2/8/2K5/8/8 b - - 0 1,train,1,draw,-1,0.010562,0.417159,0.572279,white_win,0.582841,20.267,,hard_error|low_confidence
kpk,3168929,8/8/8/1k6/5P2/1K6/8/8 b - - 0 1,train,1,draw,-1,0.009589,0.419953,0.570458,white_win,0.580047,24.148,,hard_error|low_confidence
kpk,842598,8/6K1/8/8/3k2P1/8/8/8 w - - 0 1,test,2,white_win,23,0.018253,0.561725,0.420022,draw,0.579978,27.429,4.429,hard_error|low_confidence|dtm_error
kpk,2724099,8/8/8/8/8/2P3k1/8/3K4 b - - 0 1,train,2,white_win,44,0.010508,0.56835,0.421142,draw,0.578858,31.902,12.098,hard_error|low_confidence|dtm_error
kpk,1642823,8/4k3/8/7K/8/2P5/8/8 w - - 0 1,train,1,draw,-1,0.011053,0.424607,0.56434,white_win,0.575393,28.78,,hard_error|low_confidence
kpk,2367622,8/8/8/1P6/8/8/k7/6K1 b - - 0 1,train,2,white_win,22,0.007696,0.567597,0.424707,draw,0.575293,23.761,1.761,hard_error|low_confidence
kpk,3429015,8/8/1k6/8/8/5P2/7K/8 b - - 0 1,train,2,white_win,40,0.010661,0.564532,0.424808,draw,0.575192,36.194,3.806,hard_error|low_confidence
kpk,2200097,8/8/8/8/8/1K2P3/8/6k1 b - - 0 1,train,2,white_win,24,0.005364,0.56917,0.425467,draw,0.574533,28.931,4.931,hard_error|low_confidence|dtm_error
kpk,1084132,8/4K3/8/2k5/8/8/5P2/8 w - - 0 1,train,2,white_win,25,0.00855,0.565116,0.426334,draw,0.573666,31.116,6.116,hard_error|low_confidence|dtm_error
kpk,3449842,2K5/8/2k5/7P/8/8/8/8 b - - 0 1,test,2,white_win,24,0.017793,0.555541,0.426666,draw,0.573334,23.527,0.473,hard_error|low_confidence
kpk,297509,8/8/8/8/8/5K2/2k1P3/8 w - - 0 1,train,2,white_win,23,0.019809,0.553061,0.427131,draw,0.572869,29.007,6.007,hard_error|low_confidence|dtm_error
kpk,2728930,8/2K5/8/7P/8/6k1/8/8 b - - 0 1,valid,2,white_win,22,0.008042,0.564188,0.42777,draw,0.57223,25.043,3.043,hard_error|low_confidence
kpk,1921079,5k2/8/8/8/7K/P7/8/8 w - - 0 1,train,1,draw,-1,0.010518,0.427838,0.561644,white_win,0.572162,25.812,,hard_error|low_confidence
kpk,3741970,8/4k3/8/8/2P5/8/2K5/8 b - - 0 1,train,1,draw,-1,0.009246,0.429937,0.560816,white_win,0.570063,29.366,,hard_error|low_confidence
kpk,1678194,2K5/6k1/8/8/6P1/8/8/8 w - - 0 1,train,1,draw,-1,0.013402,0.430266,0.556332,white_win,0.569734,25.375,,hard_error|low_confidence
kpk,2103669,5K2/8/8/8/2P5/8/8/k7 b - - 0 1,train,2,white_win,26,0.007202,0.561852,0.430945,draw,0.569055,28.795,2.795,hard_error|low_confidence
kpk,2481092,8/8/8/4K3/7P/8/7k/8 b - - 0 1,train,2,white_win,20,0.009271,0.555761,0.434967,draw,0.565033,20.923,0.923,hard_error|low_confidence
kpk,1083988,8/8/4K3/2k5/8/8/4P3/8 w - - 0 1,train,2,white_win,27,0.011433,0.552919,0.435648,draw,0.564352,28.818,1.818,hard_error|low_confidence
kpk,3754535,8/5k2/8/8/8/7K/4P3/8 b - - 0 1,train,1,draw,-1,0.01154,0.437053,0.551407,white_win,0.562947,36.383,,hard_error|low_confidence
kpk,2986242,8/8/8/8/6k1/2P5/8/2K5 b - - 0 1,test,2,white_win,44,0.010786,0.551978,0.437236,draw,0.562764,33.46,10.54,hard_error|low_confidence|dtm_error
kpk,3166852,8/8/8/1k6/8/5P2/8/4K3 b - - 0 1,train,2,white_win,44,0.010786,0.551978,0.437236,draw,0.562764,33.46,10.54,hard_error|low_confidence|dtm_error
kpk,1315058,2K5/8/k7/8/8/1P6/8/8 w - - 0 1,train,1,draw,-1,0.007585,0.43755,0.554865,white_win,0.56245,23.223,,hard_error|low_confidence
kpk,563239,8/8/8/8/P7/2k4K/8/8 w - - 0 1,train,2,white_win,23,0.00908,0.552799,0.438121,draw,0.561879,28.292,5.292,hard_error|low_confidence|dtm_error
kpk,905846,6K1/8/8/8/7k/4P3/8/8 w - - 0 1,train,1,draw,-1,0.00802,0.439848,0.552131,white_win,0.560152,25.608,,hard_error|low_confidence
kpk,1890311,3k4/8/8/8/P7/8/8/7K w - - 0 1,train,1,draw,-1,0.010196,0.442325,0.547479,white_win,0.557675,26.593,,hard_error|low_confidence
kpk,2413110,8/8/8/8/6K1/4P3/3k4/8 b - - 0 1,test,1,draw,-1,0.011399,0.443878,0.544722,white_win,0.556122,30.001,,hard_error|low_confidence
kpk,3414403,8/8/k7/8/3P4/8/8/3K4 b - - 0 1,train,1,draw,-1,0.008786,0.44464,0.546574,white_win,0.55536,27.193,,hard_error|low_confidence
kpk,2199893,8/8/5K2/8/8/2P5/8/6k1 b - - 0 1,train,2,white_win,24,0.007649,0.545963,0.446388,draw,0.553612,27.513,3.513,hard_error|low_confidence
kpk,3693079,8/1k6/8/8/4P3/8/7K/8 b - - 0 1,train,1,draw,-1,0.010325,0.448449,0.541226,white_win,0.551551,33.05,,hard_error|low_confidence
kpk,859126,6K1/8/8/8/4k2P/8/8/8 w - - 0 1,train,2,white_win,25,0.018344,0.53267,0.448986,draw,0.551014,29.875,4.875,hard_error|low_confidence|dtm_error
kpk,1645536,8/K3k3/8/8/7P/8/8/8 w - - 0 1,test,1,draw,-1,0.008403,0.449523,0.542073,white_win,0.550477,25.307,,hard_error|low_confidence
kpk,3775269,8/6k1/8/8/6P1/5K2/8/8 b - - 0 1,test,1,draw,-1,0.01379,0.449676,0.536534,white_win,0.550324,26.037,,hard_error|low_confidence
kpk,2382579,3K4/8/8/8/5P2/8/1k6/8 b - - 0 1,train,2,white_win,26,0.010288,0.539881,0.449831,draw,0.550169,31.809,5.809,hard_error|low_confidence|dtm_error
kpk,4034947,6k1/8/8/8/8/3P4/8/3K4 b - - 0 1,train,1,draw,-1,0.011637,0.450045,0.538317,white_win,0.549955,33.118,,hard_error|low_confidence
kpk,794693,8/8/8/P4K2/k7/8/8/8 w - - 0 1,test,2,white_win,19,0.01447,0.532333,0.453197,draw,0.546803,16.496,2.504,hard_error|low_confidence
kpk,1618320,8/2kP4/8/8/8/8/K7/8 w - - 0 1,train,1,draw,-1,0.038708,0.453832,0.50746,white_win,0.546168,15.468,,hard_error|low_confidence
kpk,3956803,1k6/8/8/P2K4/8/8/8/8 b - - 0 1,train,1,draw,-1,0.012314,0.45418,0.533506,white_win,0.54582,17.028,,hard_error|low_confidence
kpk,1133056,8/8/8/5k2/8/8/4P3/K7 w - - 0 1,test,1,draw,-1,0.012653,0.455949,0.531398,white_win,0.544051,37.119,,hard_error|low_confidence
kpk,3953154,1k6/8/8/8/8/4P3/8/2K5 b - - 0 1,train,1,draw,-1,0.011121,0.456963,0.531916,white_win,0.543037,32.353,,hard_error|low_confidence
kpk,4004806,4k3/8/8/6K1/7P/8/8/8 b - - 0 1,train,1,draw,-1,0.014484,0.457244,0.528272,white_win,0.542756,22.912,,hard_error|low_confidence
kpk,562165,5K2/8/8/8/8/2k4P/8/8 w - - 0 1,train,2,white_win,27,0.0204,0.521087,0.458513,draw,0.541487,33.203,6.203,hard_error|low_confidence|dtm_error
kpk,3477552,8/8/4k3/8/K7/P7/8/8 b - - 0 1,train,1,draw,-1,0.02116,0.461113,0.517727,white_win,0.538887,34.32,,hard_error|low_confidence
kpk,53876,4K3/8/8/8/8/4P3/8/3k4 w - - 0 1,train,2,white_win,25,0.007798,0.531059,0.461143,draw,0.538857,28.578,3.578,hard_error|low_confidence
kpk,334753,8/8/8/8/7P/1K6/4k3/8 w - - 0 1,train,2,white_win,21,0.008794,0.529544,0.461662,draw,0.538338,23.265,2.265,hard_error|low_confidence
kpk,1053168,K7/8/8/k7/8/3P4/8/8 w - - 0 1,train,1,draw,-1,0.007943,0.464698,0.527359,white_win,0.535302,24.148,,hard_error|low_confidence
kpk,1136881,1K6/8/8/5k2/1P6/8/8/8 w - - 0 1,train,2,white_win,25,0.019842,0.514056,0.466102,draw,0.533898,28.045,3.045,hard_error|low_confidence
kpk,2908816,8/8/8/5P2/1k6/8/K7/8 b - - 0 1,train,1,draw,-1,0.011612,0.466194,0.522194,white_win,0.533806,22.526,,hard_error|low_confidence
kpk,2415313,8/8/1K6/8/5P2/8/3k4/8 b - - 0 1,test,2,white_win,22,0.006791,0.526204,0.467005,draw,0.532995,28.083,6.083,hard_error|low_confidence|dtm_error
kpk,3462086,8/8/3k4/6K1/8/7P/8/8 b - - 0 1,train,1,draw,-1,0.01418,0.467466,0.518355,white_win,0.532534,31.848,,hard_error|low_confidence
kpk,1647427,8/4k3/8/3K2P1/8/8/8/8 w - - 0 1,train,1,draw,-1,0.023433,0.468131,0.508436,white_win,0.531869,15.561,,hard_error|low_confidence
kpk,2480611,8/3K4/8/8/3P4/8/7k/8 b - - 0 1,test,2,white_win,22,0.010565,0.519179,0.470256,draw,0.529744,25.836,3.836,hard_error|low_confidence
kpk,3484563,8/8/4k2P/8/8/8/3K4/8 b - - 0 1,train,1,draw,-1,0.012441,0.470298,0.517261,white_win,0.529702,22.27,,hard_error|low_confidence
kpk,2631702,8/8/P7/8/8/k7/6K1/8 b - - 0 1,train,2,white_win,20,0.007995,0.521205,0.4708,draw,0.5292,18.788,1.212,hard_error|low_confidence
kpk,3414514,2K5/8/k7/8/3P4/8/8/8 b - - 0 1,train,1,draw,-1,0.007827,0.471848,0.520325,white_win,0.528152,22.949,,hard_error|low_confidence
kpk,1353920,8/8/1Pk5/K7/8/8/8/8 w - - 0 1,train,2,white_win,23,0.036417,0.491219,0.472364,draw,0.527636,17.322,5.678,hard_error|low_confidence|dtm_error
kpk,2742916,8/8/8/8/5P2/7k/8/4K3 b - - 0 1,train,1,draw,-1,0.007715,0.473751,0.518534,white_win,0.526249,24.3,,hard_error|low_confidence
kpk,1378339,8/8/4k3/8/8/3K4/P7/8 w - - 0 1,train,1,draw,-1,0.016308,0.47467,0.509022,white_win,0.52533,31.084,,hard_error|low_confidence
kpk,3535844,8/4K2P/7k/8/8/8/8/8 b - - 0 1,train,1,draw,-1,0.026562,0.476341,0.497097,white_win,0.523659,10.766,,hard_error|low_confidence
kpk,2201985,8/8/8/8/3P4/8/8/1K4k1 b - - 0 1,valid,2,white_win,24,0.008192,0.51509,0.476719,draw,0.523281,26.045,2.045,hard_error|low_confidence
kpk,3412502,8/8/k7/8/8/4P3/6K1/8 b - - 0 1,train,2,white_win,40,0.008221,0.513528,0.478251,draw,0.521749,30.998,9.002,hard_error|low_confidence|dtm_error
kpk,3991764,3k4/8/1P2K3/8/8/8/8/8 b - - 0 1,train,1,draw,-1,0.014666,0.47892,0.506414,white_win,0.52108,12.25,,hard_error|low_confidence
kpk,1397329,8/8/1K3k2/8/8/4P3/8/8 w - - 0 1,train,1,draw,-1,0.012235,0.479093,0.508672,white_win,0.520907,29.779,,hard_error|low_confidence
kpk,1331205,8/8/1k6/8/8/P7/8/5K2 w - - 0 1,train,1,draw,-1,0.010432,0.479231,0.510337,white_win,0.520769,31.632,,hard_error|low_confidence
kpk,3476132,8/8/4k3/8/8/4K3/5P2/8 b - - 0 1,train,1,draw,-1,0.013907,0.479439,0.506655,white_win,0.520561,33.85,,hard_error|low_confidence
kpk,3156002,8/8/P7/k7/8/2K5/8/8 b - - 0 1,valid,1,draw,-1,0.014208,0.480462,0.50533,white_win,0.519538,12.58,,hard_error|low_confidence
kpk,2220947,8/8/8/7P/8/8/3K4/7k b - - 0 1,train,2,white_win,20,0.010531,0.508687,0.480782,draw,0.519218,18.731,1.269,hard_error|low_confidence
kpk,315505,1K6/8/8/8/8/P7/3k4/8 w - - 0 1,test,2,white_win,27,0.010079,0.507015,0.482905,draw,0.517095,32.042,5.042,hard_error|low_confidence|dtm_error
kpk,2132818,8/8/2K5/8/8/8/6P1/2k5 b - - 0 1,train,2,white_win,26,0.006042,0.509253,0.484704,draw,0.515296,30.388,4.388,hard_error|low_confidence|dtm_error
kpk,315910,8/8/8/8/8/4P3/3k4/6K1 w - - 0 1,train,2,white_win,25,0.0146,0.50042,0.48498,draw,0.51502,27.898,2.898,hard_error|low_confidence
kpk,3693057,8/1k6/8/8/4P3/8/8/1K6 b - - 0 1,test,1,draw,-1,0.009215,0.485004,0.505781,white_win,0.514996,31.137,,hard_error|low_confidence
kpk,2973956,8/8/8/2P5/5k2/8/8/4K3 b - - 0 1,test,1,draw,-1,0.011443,0.485469,0.503089,white_win,0.514531,26.15,,hard_error|low_confidence
kpk,844119,8/8/7K/2P5/3k4/8/8/8 w - - 0 1,train,2,white_win,21,0.021105,0.49074,0.488155,draw,0.511845,25.962,4.962,hard_error|low_confidence|dtm_error
kpk,2117925,8/8/8/8/8/2P2K2/8/1k6 b - - 0 1,valid,2,white_win,24,0.005912,0.504784,0.489304,draw,0.510696,26.624,2.624,hard_error|low_confidence
kpk,1329905,1K6/8/1k6/8/8/8/5P2/8 w - - 0 1,valid,1,draw,-1,0.008361,0.489914,0.501725,white_win,0.510086,29.182,,hard_error|low_confidence
kpk,4038935,6k1/8/8/2P5/8/8/7K/8 b - - 0 1,train,1,draw,-1,0.009651,0.490289,0.50006,white_win,0.509711,23.921,,hard_error|low_confidence
kpk,84836,8/4K3/8/8/8/8/6P1/5k2 w - - 0 1,train,2,white_win,25,0.007865,0.5002,0.491935,draw,0.508065,29.427,4.427,hard_error|low_confidence|dtm_error
kpk,2431735,7K/8/8/8/5P2/8/4k3/8 b - - 0 1,train,2,white_win,26,0.008141,0.499747,0.492112,draw,0.507888,32.194,6.194,hard_error|low_confidence|dtm_error
kpk,2941571,8/8/8/5P2/3k4/8/8/3K4 b - - 0 1,train,1,draw,-1,0.011911,0.495095,0.492993,draw,0.504905,27.576,,low_confidence
kpk,84823,8/8/7K/8/8/8/6P1/5k2 w - - 0 1,test,2,white_win,27,0.009454,0.495449,0.495096,draw,0.504904,29.943,2.943,hard_error|low_confidence
kpk,2363987,8/8/3K4/8/8/4P3/k7/8 b - - 0 1,train,2,white_win,22,0.008196,0.496114,0.495691,draw,0.504309,27.103,5.103,hard_error|low_confidence|dtm_error
kpk,3705239,8/2k5/8/8/8/8/3P3K/8 b - - 0 1,train,1,draw,-1,0.010858,0.498477,0.490665,draw,0.501523,38.677,,low_confidence
kpk,1432357,8/8/7k/8/6P1/5K2/8/8 w - - 0 1,train,1,draw,-1,0.022418,0.498684,0.478898,draw,0.501316,18.515,,low_confidence
kpk,2165639,8/8/8/8/8/8/7P/4k2K b - - 0 1,train,2,white_win,28,0.008723,0.492026,0.499251,white_win,0.500749,30.434,2.434,low_confidence
kpk,2695511,8/8/7K/2P5/8/4k3/8/8 b - - 0 1,train,2,white_win,22,0.009471,0.488735,0.501795,white_win,0.498205,26.837,4.837,dtm_error
kpk,2728912,8/8/K7/7P/8/6k1/8/8 b - - 0 1,train,2,white_win,22,0.006515,0.491513,0.501972,white_win,0.498028,28.232,6.232,dtm_error
kpk,3164999,8/8/8/1k5K/8/8/6P1/8 b - - 0 1,train,2,white_win,32,0.010579,0.487368,0.502053,white_win,0.497947,37.969,5.969,dtm_error
kpk,1667636,8/4Pk2/8/8/4K3/8/8/8 w - - 0 1,train,1,draw,-1,0.065011,0.504018,0.43097,draw,0.495982,9.25,,
kpk,3789330,8/7k/8/8/8/4P3/2K5/8 b - - 0 1,train,2,white_win,42,0.008712,0.484239,0.507049,white_win,0.492951,30.205,11.795,dtm_error
kpk,2627942,8/6K1/8/8/2P5/k7/8/8 b - - 0 1,valid,1,draw,-1,0.006219,0.507151,0.48663,draw,0.492849,27.283,,
kpk,54064,8/8/8/8/K7/6P1/8/3k4 w - - 0 1,train,2,white_win,25,0.006997,0.485613,0.50739,white_win,0.49261,25.057,0.057,
kpk,2990740,8/8/8/5P2/6k1/8/4K3/8 b - - 0 1,test,1,draw,-1,0.012058,0.509121,0.478821,draw,0.490879,21.405,,
kpk,4018951,5k2/8/8/8/8/6P1/8/7K b - - 0 1,train,1,draw,-1,0.011566,0.509678,0.478756,draw,0.490322,32.722,,
kpk,3936354,k7/2K5/8/8/8/P7/8/8 b - - 0 1,train,1,draw,-1,0.010536,0.512529,0.476936,draw,0.487471,22.431,,
kpk,3164485,8/8/8/1k3K2/8/8/2P5/8 b - - 0 1,train,1,draw,-1,0.006734,0.512589,0.480677,draw,0.487411,33.11,,
kpk,3986386,3k4/8/2K5/8/8/7P/8/8 b - - 0 1,train,1,draw,-1,0.009203,0.51271,0.478087,draw,0.48729,23.15,,
kpk,3443381,8/8/2k5/8/5K2/8/5P2/8 b - - 0 1,train,2,white_win,34,0.014245,0.466954,0.518801,white_win,0.481199,34.254,0.254,
kpk,2974612,8/8/8/7P/5k2/8/4K3/8 b - - 0 1,train,1,draw,-1,0.011468,0.519196,0.469336,draw,0.480804,22.85,,
kpk,4117,8/8/8/8/8/P7/5K2/k7 w - - 0 1,valid,2,white_win,23,0.007048,0.473714,0.519238,white_win,0.480762,23.867,0.867,
kpk,3987621,3k4/8/8/8/1P6/5K2/8/8 b - - 0 1,train,1,draw,-1,0.008651,0.519254,0.472095,draw,0.480746,24.195,,
kpk,1626599,8/3k3K/8/8/8/3P4/8/8 w - - 0 1,valid,1,draw,-1,0.013591,0.520192,0.466217,draw,0.479808,28.712,,
kpk,2187591,8/8/8/2P4K/8/8/8/5k2 b - - 0 1,train,2,white_win,22,0.010076,0.466986,0.522938,white_win,0.477062,21.953,0.047,
kpk,3156165,8/8/1P6/k4K2/8/8/8/8 b - - 0 1,test,1,draw,-1,0.011527,0.523001,0.465472,draw,0.476999,15.721,,
kpk,580449,8/1K6/8/8/6P1/3k4/8/8 w - - 0 1,train,2,white_win,23,0.011491,0.464931,0.523577,white_win,0.476423,26.814,3.814,
kpk,2973940,4K3/8/8/1P6/5k2/8/8/8 b - - 0 1,valid,2,white_win,24,0.0154,0.459629,0.524971,white_win,0.475029,27.291,3.291,
kpk,1083669,8/8/8/2k5/8/8/2P2K2/8 w - - 0 1,train,1,draw,-1,0.013093,0.525193,0.461714,draw,0.474807,32.53,,
kpk,3222481,8/8/1K5P/4k3/8/8/8/8 b - - 0 1,test,1,draw,-1,0.011093,0.526054,0.462853,draw,0.473946,22.893,,
kpk,1057060,8/8/8/k1P5/8/4K3/8/8 w - - 0 1,train,2,white_win,31,0.021051,0.452776,0.526172,white_win,0.473828,16.261,14.739,dtm_error
kpk,117591,8/8/7K/8/8/8/6P1/7k w - - 0 1,train,2,white_win,27,0.008939,0.462284,0.528776,white_win,0.471224,27.804,0.804,
kpk,2153221,8/8/8/8/6P1/8/8/3k1K2 b - - 0 1,train,2,white_win,24,0.008182,0.462205,0.529613,white_win,0.470387,21.686,2.314,
kpk,3973920,2k5/8/8/6P1/8/K7/8/8 b - - 0 1,train,1,draw,-1,0.008652,0.529907,0.461442,draw,0.470093,22.987,,
kpk,4037136,6k1/8/8/8/4P3/8/K7/8 b - - 0 1,train,1,draw,-1,0.010023,0.530265,0.459712,draw,0.469735,29.535,,
kpk,3986226,3k4/8/8/8/2K5/6P1/8/8 b - - 0 1,valid,1,draw,-1,0.009507,0.531407,0.459085,draw,0.468593,26.245,,
kpk,2971923,8/8/8/8/2P2k2/8/3K4/8 b - - 0 1,valid,1,draw,-1,0.011043,0.532645,0.456312,draw,0.467355,27.391,,
kpk,3727365,8/3k4/8/P7/8/8/8/5K2 b - - 0 1,train,1,draw,-1,0.009136,0.534286,0.456578,draw,0.465714,27.956,,
kpk,2886021,8/8/8/8/k7/8/3P4/5K2 b - - 0 1,train,2,white_win,46,0.006412,0.458005,0.535583,white_win,0.464417,33.958,12.042,dtm_error
kpk,1155813,8/5K2/8/5Pk1/8/8/8/8 w - - 0 1,valid,2,white_win,21,0.036898,0.427144,0.535958,white_win,0.464042,17.162,3.838,
kpk,3265221,8/8/8/5K1k/8/5P2/8/8 b - - 0 1,valid,2,white_win,28,0.013024,0.445125,0.541851,white_win,0.458149,22.071,5.929,dtm_error
kpk,67623,8/8/8/8/8/7K/P7/4k3 w - - 0 1,test,2,white_win,25,0.006299,0.451584,0.542118,white_win,0.457882,27.987,2.987,
kpk,2908356,8/8/8/1P2K3/1k6/8/8/8 b - - 0 1,train,1,draw,-1,0.013852,0.542151,0.443996,draw,0.457849,20.127,,
kpk,1657831,8/5k1K/8/8/8/8/7P/8 w - - 0 1,train,1,draw,-1,0.014759,0.542244,0.442997,draw,0.457756,28.647,,
kpk,2623936,8/8/8/K7/8/k7/3P4/8 b - - 0 1,train,2,white_win,26,0.005694,0.448748,0.545559,white_win,0.454441,28.644,2.644,
kpk,3723782,8/3k4/8/8/8/4P3/8/6K1 b - - 0 1,train,1,draw,-1,0.0105,0.546256,0.443245,draw,0.453744,35.811,,
kpk,1120390,8/8/8/4k3/1P6/8/8/6K1 w - - 0 1,train,1,draw,-1,0.015725,0.546369,0.437906,draw,0.453631,29.95,,
kpk,1050742,6K1/8/8/k7/8/8/P7/8 w - - 0 1,train,1,draw,-1,0.006869,0.54675,0.44638,draw,0.45325,31.369,,
kpk,22614,8/8/6K1/8/P7/8/8/1k6 w - - 0 1,train,2,white_win,23,0.009292,0.44348,0.547229,white_win,0.452771,23.229,0.229,
kpk,860807,8/8/8/5P2/4k3/8/8/7K w - - 0 1,train,2,white_win,23,0.023528,0.428949,0.547523,white_win,0.452477,25.296,2.296,
kpk,3414500,8/4K3/k7/8/3P4/8/8/8 b - - 0 1,train,2,white_win,22,0.007559,0.444801,0.54764,white_win,0.45236,23.973,1.973,
kpk,331857,8/8/1K6/8/8/P7/4k3/8 w - - 0 1,valid,2,white_win,25,0.014246,0.437916,0.547838,white_win,0.452162,28.902,3.902,
kpk,3187699,3K4/8/8/2k4P/8/8/8/8 b - - 0 1,train,2,white_win,24,0.019386,0.432369,0.548245,white_win,0.451755,26.03,2.03,
kpk,3938547,k2K4/8/8/8/1P6/8/8/8 b - - 0 1,train,1,draw,-1,0.008734,0.548958,0.442309,draw,0.451042,22.117,,
kpk,2185541,8/8/8/5K2/2P5/8/8/5k2 b - - 0 1,train,2,white_win,22,0.007805,0.443133,0.549063,white_win,0.450937,22.347,0.347,
kpk,383905,8/8/8/8/7P/1K6/7k/8 w - - 0 1,train,2,white_win,21,0.007728,0.442522,0.549751,white_win,0.450249,22.826,1.826,
kpk,86071,8/8/8/8/7K/P7/8/5k2 w - - 0 1,valid,2,white_win,25,0.010219,0.437501,0.55228,white_win,0.44772,24.637,0.363,
kpk,2398950,8/6K1/8/8/5P2/8/2k5/8 b - - 0 1,train,2,white_win,24,0.008946,0.436694,0.55436,white_win,0.44564,30.101,6.101,dtm_error
kpk,1913681,4k3/6P1/1K6/8/8/8/8/8 w - - 0 1,train,2,white_win,11,0.031125,0.413026,0.555849,white_win,0.444151,8.413,2.587,
kpk,1397168,8/8/5k2/8/K7/3P4/8/8 w - - 0 1,train,2,white_win,37,0.014968,0.428863,0.556169,white_win,0.443831,32.999,4.001,dtm_error
kpk,2476626,8/8/2K5/8/8/8/4P2k/8 b - - 0 1,train,2,white_win,28,0.005438,0.437812,0.556751,white_win,0.443249,31.87,3.87,
kpk,2693393,8/8/8/8/2P5/4k3/1K6/8 b - - 0 1,train,1,draw,-1,0.009352,0.557613,0.433035,draw,0.442387,28.441,,
kpk,69814,8/8/8/8/6K1/1P6/8/4k3 w - - 0 1,train,2,white_win,25,0.006953,0.434775,0.558273,white_win,0.441727,23.425,1.575,
kqk,2108193,8/8/6Q1/8/8/1K6/8/k7 b - - 0 1,train,1,draw,-1,0.000101,0.0,0.999899,white_win,1.0,5.684,,hard_error|low_confidence
kqk,3940560,k7/8/K7/1Q6/8/8/8/8 b - - 0 1,train,1,draw,-1,0.000209,1e-06,0.99979,white_win,0.999999,6.658,,hard_error|low_confidence
kqk,3942629,k7/5K2/1Q6/8/8/8/8/8 b - - 0 1,valid,1,draw,-1,0.000763,1.1e-05,0.999226,white_win,0.999989,9.179,,hard_error|low_confidence
kqk,2167442,8/8/8/8/8/5Q2/2K5/4k3 b - - 0 1,train,1,draw,-1,0.000473,1.3e-05,0.999514,white_win,0.999987,6.211,,hard_error|low_confidence
kqk,4010850,4k3/2K3Q1/8/8/8/8/8/8 b - - 0 1,train,1,draw,-1,0.000879,4.8e-05,0.999073,white_win,0.999952,6.817,,hard_error|low_confidence
kqk,2134180,8/8/8/8/8/1Q2K3/8/2k5 b - - 0 1,train,1,draw,-1,0.001382,0.000121,0.998498,white_win,0.999879,6.34,,hard_error|low_confidence
kqk,2654224,8/8/8/8/8/2k5/K7/Q7 b - - 0 1,test,2,white_win,12,0.015798,0.500047,0.484155,draw,0.515845,16.905,4.905,hard_error|low_confidence|dtm_error
kqk,3436657,1K6/Q7/1k6/8/8/8/8/8 b - - 0 1,test,2,white_win,10,0.011247,0.450113,0.538639,white_win,0.461361,12.771,2.771,
kqk,2654579,3K4/8/8/8/8/2k5/8/2Q5 b - - 0 1,train,2,white_win,16,0.022618,0.413408,0.563974,white_win,0.436026,19.065,3.065,
kqk,3993952,3k4/K1Q5/8/8/8/8/8/8 b - - 0 1,train,1,draw,-1,0.016869,0.608242,0.374889,draw,0.391758,9.823,,
kqk,3416293,8/5K2/k7/1Q6/8/8/8/8 b - - 0 1,train,1,draw,-1,0.021177,0.631493,0.34733,draw,0.368507,10.764,,
kqk,2623718,8/6K1/8/8/8/k7/1Q6/8 b - - 0 1,train,1,draw,-1,0.020438,0.667513,0.31205,draw,0.332487,13.298,,
kqk,2380096,8/8/8/K7/8/2Q5/1k6/8 b - - 0 1,train,1,draw,-1,0.012082,0.699318,0.2886,draw,0.300682,13.184,,
kqk,2478934,8/8/6K1/8/8/6Q1/7k/8 b - - 0 1,train,1,draw,-1,0.016772,0.712319,0.270909,draw,0.287681,10.027,,
kqk,3432722,8/8/1k6/2Q5/8/8/2K5/8 b - - 0 1,test,1,draw,-1,0.013247,0.713711,0.273041,draw,0.286289,13.22,,
kqk,2743122,8/8/2K5/8/6Q1/7k/8/8 b - - 0 1,test,1,draw,-1,0.019287,0.717712,0.263001,draw,0.282288,10.397,,
kqk,2132418,8/8/8/2K5/8/8/3Q4/2k5 b - - 0 1,valid,1,draw,-1,0.016895,0.75073,0.232375,draw,0.24927,8.103,,
kqk,3471585,1Q6/1K6/3k4/8/8/8/8/8 b - - 0 1,train,2,white_win,12,0.015376,0.223008,0.761617,white_win,0.238383,15.456,3.456,
kqk,3795827,3K4/7k/6Q1/8/8/8/8/8 b - - 0 1,valid,1,draw,-1,0.015826,0.761982,0.222192,draw,0.238018,10.898,,
kqk,2429393,8/8/1K6/8/8/3Q4/4k3/8 b - - 0 1,train,1,draw,-1,0.013115,0.772409,0.214476,draw,0.227591,13.745,,
kqk,3416230,8/8/k7/1Q6/8/6K1/8/8 b - - 0 1,train,1,draw,-1,0.01812,0.77272,0.20916,draw,0.22728,12.709,,
kqk,2162962,8/8/8/8/8/8/2K5/2Q1k3 b - - 0 1,train,2,white_win,10,0.014828,0.207668,0.777504,white_win,0.222496,9.505,0.495,
kqk,3432818,2K5/8/1k6/2Q5/8/8/8/8 b - - 0 1,train,1,draw,-1,0.00821,0.797747,0.194043,draw,0.202253,11.599,,
kqk,2462417,8/8/1K6/8/8/5Q2/6k1/8 b - - 0 1,test,1,draw,-1,0.012838,0.810227,0.176935,draw,0.189773,15.273,,
kqk,3762705,8/5k2/4Q3/8/8/8/1K6/8 b - - 0 1,test,1,draw,-1,0.012838,0.810227,0.176935,draw,0.189773,15.273,,
kqk,3226614,6KQ/8/8/4k3/8/8/8/8 b - - 0 1,test,2,white_win,16,0.016696,0.162598,0.820706,white_win,0.179294,20.579,4.579,dtm_error
kqk,3236402,8/8/8/4Qk2/2K5/8/8/8 b - - 0 1,train,1,draw,-1,0.009092,0.831739,0.159168,draw,0.168261,12.5,,
kqk,2889910,8/8/8/8/kQ4K1/8/8/8 b - - 0 1,train,1,draw,-1,0.012732,0.843028,0.144241,draw,0.156972,11.529,,
kqk,2363442,8/8/8/8/2K5/Q7/k7/8 b - - 0 1,train,1,draw,-1,0.013799,0.845752,0.140449,draw,0.154248,6.846,,
kqk,2741091,8/3K4/8/8/8/6Qk/8/8 b - - 0 1,train,1,draw,-1,0.012571,0.850581,0.136848,draw,0.149419,10.498,,
kqk,3486454,6K1/5Q2/4k3/8/8/8/8/8 b - - 0 1,train,2,white_win,14,0.009179,0.138573,0.852248,white_win,0.147752,15.148,1.148,
kqk,2957712,8/8/8/3Q4/4k3/8/K7/8 b - - 0 1,valid,1,draw,-1,0.007688,0.853007,0.139305,draw,0.146993,18.538,,
kqk,2412934,8/8/8/8/8/3Q4/3k4/6K1 b - - 0 1,train,1,draw,-1,0.009466,0.856205,0.134329,draw,0.143795,13.083,,
kqk,2974210,8/8/8/4Q3/5k2/8/8/2K5 b - - 0 1,train,1,draw,-1,0.008521,0.856674,0.134805,draw,0.143326,15.619,,
kqk,2132215,7K/8/8/8/8/8/1Q6/2k5 b - - 0 1,train,1,draw,-1,0.013067,0.864198,0.122735,draw,0.135802,16.035,,
kqk,2363488,8/K7/8/8/8/Q7/k7/8 b - - 0 1,train,1,draw,-1,0.013872,0.867902,0.118226,draw,0.132098,12.275,,
kqk,2132305,8/8/1K6/8/8/8/2Q5/2k5 b - - 0 1,train,1,draw,-1,0.01182,0.870003,0.118177,draw,0.129997,10.525,,
kqk,3715093,8/Q1k5/8/8/8/8/5K2/8 b - - 0 1,test,2,white_win,16,0.016177,0.10597,0.877852,white_win,0.122148,16.959,0.959,
kqk,2988757,8/8/5K2/8/5Qk1/8/8/8 b - - 0 1,train,1,draw,-1,0.006508,0.886098,0.107395,draw,0.113902,9.785,,
kqk,3151890,8/8/8/k7/Q7/8/2K5/8 b - - 0 1,test,1,draw,-1,0.012094,0.886821,0.101085,draw,0.113179,9.807,,
kqk,2361507,8/8/8/8/8/3K4/kQ6/8 b - - 0 1,valid,1,draw,-1,0.009396,0.894143,0.096461,draw,0.105857,7.1,,
kqk,2902199,8/8/8/8/1k5K/8/1Q6/8 b - - 0 1,train,2,white_win,16,0.014209,0.090078,0.895713,white_win,0.104287,17.635,1.635,
kqk,3001332,4K3/8/8/8/7k/8/7Q/8 b - - 0 1,test,2,white_win,12,0.016595,0.084566,0.898839,white_win,0.101161,12.98,0.98,
kqk,3729767,8/3k3K/2Q5/8/8/8/8/8 b - - 0 1,train,1,draw,-1,0.008255,0.903913,0.087831,draw,0.096087,13.817,,
kqk,2446032,8/8/K7/8/8/5Q2/5k2/8 b - - 0 1,train,1,draw,-1,0.008663,0.905464,0.085872,draw,0.094536,16.523,,
kqk,3979281,Q1k5/8/8/8/8/8/1K6/8 b - - 0 1,train,2,white_win,16,0.017865,0.07269,0.909444,white_win,0.090556,13.421,2.579,
kqk,2955686,8/8/8/8/3Qk3/6K1/8/8 b - - 0 1,train,1,draw,-1,0.004795,0.916654,0.078551,draw,0.083346,14.104,,
kqk,3515088,8/8/K5k1/5Q2/8/8/8/8 b - - 0 1,train,1,draw,-1,0.00811,0.916813,0.075077,draw,0.083187,16.168,,
kqk,3174579,8/1Q6/8/1k6/3K4/8/8/8 b - - 0 1,train,2,white_win,4,0.008884,0.071199,0.919917,white_win,0.080083,9.217,5.217,dtm_error
kqk,3151892,8/8/8/k7/Q7/8/4K3/8 b - - 0 1,train,1,draw,-1,0.011332,0.924415,0.064252,draw,0.075585,11.066,,
kqk,3996214,3kQ3/8/8/8/6K1/8/8/8 b - - 0 1,train,1,draw,-1,0.011332,0.924415,0.064252,draw,0.075585,11.066,,
kqk,3996291,3k1Q2/8/8/8/8/8/8/3K4 b - - 0 1,train,2,white_win,16,0.016104,0.059029,0.924867,white_win,0.075133,15.161,0.839,
kqk,2379987,8/8/3K4/8/8/1Q6/1k6/8 b - - 0 1,test,1,draw,-1,0.007883,0.927849,0.064268,draw,0.072151,12.456,,
kqk,2180018,8/8/8/8/2K5/8/8/5k1Q b - - 0 1,train,2,white_win,10,0.014371,0.055699,0.92993,white_win,0.07007,9.558,0.442,
kqk,2693844,8/8/4K3/8/5Q2/4k3/8/8 b - - 0 1,valid,1,draw,-1,0.006271,0.93006,0.063669,draw,0.06994,12.344,,
kqk,3201623,8/8/7K/3k4/4Q3/8/8/8 b - - 0 1,train,1,draw,-1,0.005223,0.936511,0.058267,draw,0.063489,18.084,,
kqk,2974433,8/1K6/8/5Q2/5k2/8/8/8 b - - 0 1,train,1,draw,-1,0.006454,0.938831,0.054715,draw,0.061169,15.91,,
kqk,2640211,8/8/3K4/8/8/1k6/2Q5/8 b - - 0 1,valid,1,draw,-1,0.007095,0.939547,0.053358,draw,0.060453,11.251,,
kqk,3963152,1kQ5/8/8/8/8/8/K7/8 b - - 0 1,test,1,draw,-1,0.010181,0.93988,0.04994,draw,0.06012,13.568,,
kqk,3220325,8/5K2/8/4k1Q1/8/8/8/8 b - - 0 1,train,2,white_win,14,0.007061,0.045023,0.947917,white_win,0.052083,15.454,1.454,
kqk,3496884,8/8/5k2/8/4K2Q/8/8/8 b - - 0 1,train,2,white_win,10,0.008867,0.042131,0.949002,white_win,0.050998,12.186,2.186,
kqk,3184913,8/8/8/2k5/2Q5/8/1K6/8 b - - 0 1,train,1,draw,-1,0.00522,0.949971,0.044808,draw,0.050029,14.027,,
kqk,3731520,8/Q2k4/8/K7/8/8/8/8 b - - 0 1,train,2,white_win,16,0.011112,0.038614,0.950274,white_win,0.049726,16.456,0.456,
kqk,2478848,8/8/8/8/8/6Q1/7k/K7 b - - 0 1,valid,1,draw,-1,0.00746,0.95141,0.04113,draw,0.04859,14.467,,
kqk,2163574,6K1/8/8/8/8/8/8/4k1Q1 b - - 0 1,train,2,white_win,16,0.012691,0.03568,0.951628,white_win,0.048372,16.132,0.132,
kqk,2920913,8/8/1K6/8/2k5/3Q4/8/8 b - - 0 1,train,1,draw,-1,0.003937,0.952489,0.043574,draw,0.047511,12.338,,
kqk,3220289,8/8/8/1K2k1Q1/8/8/8/8 b - - 0 1,train,2,white_win,12,0.00881,0.037747,0.953443,white_win,0.046557,16.573,4.573,dtm_error
krk,1587443,1R1K4/k7/8/8/8/8/8/8 w - - 0 1,train,2,white_win,13,5e-06,0.162399,0.837597,white_win,0.162403,16.075,3.075,
krk,1352149,8/8/2k2K2/3R4/8/8/8/8 w - - 0 1,train,2,white_win,15,1.8e-05,0.098022,0.90196,white_win,0.09804,18.403,3.403,
krk,1417911,8/8/6k1/5R2/7K/8/8/8 w - - 0 1,train,2,white_win,11,1.2e-05,0.085057,0.914931,white_win,0.085069,17.904,6.904,dtm_error
krk,1864000,1k6/2R5/8/K7/8/8/8/8 w - - 0 1,train,2,white_win,3,7e-06,0.076505,0.923488,white_win,0.076512,15.474,12.474,dtm_error
krk,1670002,2K3R1/5k2/8/8/8/8/8/8 w - - 0 1,test,2,white_win,23,4e-06,0.069233,0.930762,white_win,0.069238,19.357,3.643,
krk,893925,8/5K2/8/7R/6k1/8/8/8 w - - 0 1,train,2,white_win,21,8e-06,0.068435,0.931557,white_win,0.068443,17.761,3.239,
krk,526560,8/K7/8/8/8/k7/1R6/8 w - - 0 1,train,2,white_win,13,6e-06,0.066913,0.933081,white_win,0.066919,16.144,3.144,
krk,1071138,8/8/8/1k6/R7/2K5/8/8 w - - 0 1,train,2,white_win,15,1.1e-05,0.066319,0.93367,white_win,0.06633,15.269,0.269,
krk,1091796,8/8/1R2K3/2k5/8/8/8/8 w - - 0 1,train,2,white_win,23,8e-06,0.064976,0.935015,white_win,0.064985,17.556,5.444,dtm_error
krk,823733,8/8/8/8/2k2K2/3R4/8/8 w - - 0 1,train,2,white_win,23,1.1e-05,0.049097,0.950892,white_win,0.049108,18.292,4.708,dtm_error
krk,873316,8/4K3/8/8/5k2/6R1/8/8 w - - 0 1,train,2,white_win,27,1e-05,0.048664,0.951326,white_win,0.048674,19.671,7.329,dtm_error
krk,3701059,2R5/1k6/8/3K4/8/8/8/8 b - - 0 1,train,1,draw,-1,3e-06,0.951503,0.048494,draw,0.048497,17.599,,
krk,3255220,8/8/7R/6k1/4K3/8/8/8 b - - 0 1,train,1,draw,-1,4e-06,0.952135,0.047862,draw,0.047865,16.715,,
krk,84791,8/8/8/8/7K/8/6R1/5k2 w - - 0 1,test,2,white_win,13,5e-06,0.046106,0.953889,white_win,0.046111,15.822,2.822,
krk,592311,8/8/8/8/7K/4k3/3R4/8 w - - 0 1,train,2,white_win,27,8e-06,0.045049,0.954943,white_win,0.045057,20.95,6.05,dtm_error
krk,811122,2K5/8/8/R7/1k6/8/8/8 w - - 0 1,train,2,white_win,25,5e-06,0.040713,0.959282,white_win,0.040718,20.186,4.814,dtm_error
krk,51750,8/8/8/8/8/6K1/4R3/3k4 w - - 0 1,train,2,white_win,11,6e-06,0.039678,0.960316,white_win,0.039684,14.543,3.543,
krk,84565,8/8/5K2/8/8/8/4R3/5k2 w - - 0 1,train,2,white_win,15,5e-06,0.037035,0.96296,white_win,0.03704,14.937,0.063,
krk,839940,8/8/8/8/3k4/2R5/8/4K3 w - - 0 1,test,2,white_win,27,1.3e-05,0.036757,0.96323,white_win,0.03677,22.977,4.023,dtm_error
krk,1929766,5k2/4R3/8/8/8/6K1/8/8 w - - 0 1,train,2,white_win,15,6e-06,0.035734,0.96426,white_win,0.03574,16.487,1.487,
krk,1075300,8/4K3/R7/1k6/8/8/8/8 w - - 0 1,train,2,white_win,25,5e-06,0.03399,0.966005,white_win,0.033995,18.051,6.949,dtm_error
krk,910132,8/8/8/6R1/4K2k/8/8/8 w - - 0 1,train,2,white_win,9,5e-06,0.031519,0.968476,white_win,0.031524,11.513,2.513,
krk,2198196,8/8/8/8/4K3/8/5R2/6k1 b - - 0 1,train,1,draw,-1,2e-06,0.969648,0.03035,draw,0.030352,15.312,,
krk,3680451,8/k7/1R6/3K4/8/8/8/8 b - - 0 1,train,1,draw,-1,2e-06,0.969648,0.03035,draw,0.030352,15.312,,
krk,1686166,5R2/6k1/8/8/8/8/6K1/8 w - - 0 1,train,2,white_win,17,4e-06,0.02999,0.970006,white_win,0.029994,19.577,2.577,
krk,1632546,8/3k4/2R5/8/8/2K5/8/8 w - - 0 1,train,2,white_win,21,4e-06,0.029265,0.970731,white_win,0.029269,18.373,2.627,
krk,1153971,8/8/8/6k1/3K3R/8/8/8 w - - 0 1,train,2,white_win,21,3e-06,0.028446,0.971551,white_win,0.028449,15.982,5.018,dtm_error
krk,840247,8/8/8/8/3k3K/4R3/8/8 w - - 0 1,train,2,white_win,29,1e-05,0.02814,0.97185,white_win,0.02815,23.707,5.293,dtm_error
krk,3779556,8/4K1k1/7R/8/8/8/8/8 b - - 0 1,train,1,draw,-1,4e-06,0.971927,0.028069,draw,0.028073,18.488,,
krk,1323237,8/1R3K2/k7/8/8/8/8/8 w - - 0 1,train,2,white_win,15,3e-06,0.02565,0.974346,white_win,0.025654,16.862,1.862,
krk,1438562,8/2K3R1/7k/8/8/8/8/8 w - - 0 1,test,2,white_win,15,3e-06,0.02565,0.974346,white_win,0.025654,16.862,1.862,
krk,827893,5K2/8/8/3R4/2k5/8/8/8 w - - 0 1,test,2,white_win,27,8e-06,0.025234,0.974758,white_win,0.025242,23.143,3.857,
krk,377633,8/8/8/8/8/1K6/7k/6R1 w - - 0 1,valid,2,white_win,17,4e-06,0.024475,0.97552,white_win,0.02448,17.521,0.521,
krk,1054918,8/8/8/k5K1/1R6/8/8/8 w - - 0 1,test,2,white_win,19,4e-06,0.023187,0.976809,white_win,0.023191,17.216,1.784,
krk,1108535,8/8/4R3/3k4/7K/8/8/8 w - - 0 1,test,2,white_win,29,1e-05,0.023145,0.976845,white_win,0.023155,24.123,4.877,dtm_error
krk,84582,8/6K1/8/8/8/8/4R3/5k2 w - - 0 1,train,2,white_win,19,4e-06,0.021521,0.978475,white_win,0.021525,17.633,1.367,
krk,2429329,8/8/8/8/8/3R4/1K2k3/8 b - - 0 1,train,1,draw,-1,3e-06,0.978858,0.021139,draw,0.021142,20.601,,
krk,2673267,3K4/8/8/8/8/3k4/4R3/8 b - - 0 1,valid,1,draw,-1,2e-06,0.97933,0.020668,draw,0.02067,25.859,,
krk,3502853,8/6R1/5k2/8/8/8/8/5K2 b - - 0 1,train,1,draw,-1,2e-06,0.97933,0.020668,draw,0.02067,25.859,,
krk,1896755,3k4/2R5/8/8/3K4/8/8/8 w - - 0 1,train,2,white_win,13,4e-06,0.02062,0.979376,white_win,0.020624,12.659,0.341,
krk,2458259,8/8/8/8/8/8/3K2k1/5R2 b - - 0 1,train,1,draw,-1,2e-06,0.979557,0.020441,draw,0.020443,20.378,,
krk,3222240,8/K7/5R2/4k3/8/8/8/8 b - - 0 1,train,1,draw,-1,3e-06,0.980216,0.019781,draw,0.019784,27.446,,
krk,1438578,2K5/6R1/7k/8/8/8/8/8 w - - 0 1,train,2,white_win,17,3e-06,0.019018,0.980979,white_win,0.019021,18.114,1.114,
krk,3783606,7R/6k1/8/8/6K1/8/8/8 b - - 0 1,valid,1,draw,-1,2e-06,0.981067,0.018931,draw,0.018933,20.319,,
krk,2986674,8/8/8/8/2K3k1/5R2/8/8 b - - 0 1,train,1,draw,-1,2e-06,0.981141,0.018857,draw,0.018859,20.614,,
krk,3238772,4K3/8/6R1/5k2/8/8/8/8 b - - 0 1,train,1,draw,-1,2e-06,0.981276,0.018722,draw,0.018724,24.043,,
krk,348789,5K2/8/8/8/8/4R3/5k2/8 w - - 0 1,train,2,white_win,23,4e-06,0.018592,0.981404,white_win,0.018596,22.284,0.716,
krk,889520,8/8/8/8/K5k1/5R2/8/8 w - - 0 1,valid,2,white_win,25,4e-06,0.018592,0.981404,white_win,0.018596,22.284,2.716,
krk,3482289,8/8/4k3/5R2/1K6/8/8/8 b - - 0 1,train,1,draw,-1,3e-06,0.981871,0.018127,draw,0.018129,23.164,,
krk,2409013,8/8/8/8/5K2/8/3k4/4R3 b - - 0 1,train,1,draw,-1,2e-06,0.98198,0.018018,draw,0.01802,18.731,,
krk,3733872,K1R5/3k4/8/8/8/8/8/8 b - - 0 1,train,1,draw,-1,1e-06,0.982066,0.017933,draw,0.017934,22.21,,
krk,1075477,8/8/2R5/1k6/8/8/5K2/8 w - - 0 1,test,2,white_win,21,5e-06,0.017866,0.982129,white_win,0.017871,19.866,1.134,
krk,2941477,8/8/8/4R3/3k4/5K2/8/8 b - - 0 1,valid,1,draw,-1,9e-06,0.982229,0.017762,draw,0.017771,22.351,,
krk,2375701,8/8/8/8/8/8/1k3K2/R7 b - - 0 1,train,1,draw,-1,2e-06,0.982939,0.01706,draw,0.017061,21.465,,
krk,2706263,8/8/7K/8/8/5k2/6R1/8 b - - 0 1,train,1,draw,-1,2e-06,0.98313,0.016868,draw,0.01687,24.332,,
krk,3168513,8/8/8/1k6/2R5/8/8/1K6 b - - 0 1,train,1,draw,-1,2e-06,0.983299,0.0167,draw,0.016701,23.026,,
krk,609041,8/8/8/8/8/5k2/1K4R1/8 w - - 0 1,train,2,white_win,27,5e-06,0.01651,0.983485,white_win,0.016515,21.023,5.977,dtm_error
krk,3730037,5K2/3k4/4R3/8/8/8/8/8 b - - 0 1,train,1,draw,-1,3e-06,0.98365,0.016347,draw,0.01635,20.937,,
krk,811380,4K3/8/8/2R5/1k6/8/8/8 w - - 0 1,train,2,white_win,23,4e-06,0.016201,0.983795,white_win,0.016205,21.175,1.825,
krk,18486,8/8/8/8/6K1/8/R7/1k6 w - - 0 1,test,2,white_win,13,4e-06,0.016108,0.983888,white_win,0.016112,17.082,4.082,dtm_error
