scenario,kind,dtm_before,dtm_after,class,from,to
KRK,won,37,36,correct,j9,i9
KRK,won,17,26,slow,d10,h10
KRK,won,33,34,slow,b10,b5
KRK,won,37,38,slow,g8,g5
KRK,won,23,26,slow,b9,b5
KRK,lost,22,21,resist,a7,b6
KRK,won,23,-1,blunder,a1,e1
KRK,won,25,24,correct,d1,d2
KRK,won,29,36,slow,a2,b2
KRK,won,37,-1,blunder,d2,d4
KRK,won,29,28,correct,a6,b6
KRK,won,29,34,slow,i6,i2
KRK,lost,30,29,resist,b8,c7
KRK,won,17,16,correct,f2,b2
KRK,won,31,30,correct,j3,i3
KRK,lost,28,25,shorten,a5,b4
KRK,won,37,38,slow,i1,i2
KRK,won,17,16,correct,d4,d2
KRK,won,17,24,slow,e5,e1
KRK,won,31,32,slow,h4,g4
KRK,lost,36,35,resist,h7,g6
KRK,won,23,22,correct,c4,c2
KRK,won,35,36,slow,a4,b3
KRK,lost,18,17,resist,c10,d9
KRK,won,21,28,slow,f1,e2
KRK,won,29,-1,blunder,c9,c7
KRK,won,25,30,slow,j2,i2
KRK,won,29,28,correct,e2,e9
KRK,won,33,-1,blunder,b4,c4
KRK,won,19,-1,blunder,e5,e9
KRK,won,35,-1,blunder,e1,d2
KRK,won,9,-1,blunder,g1,g2
KRK,won,19,22,slow,c5,i5
KRK,won,35,36,slow,a1,h1
KRK,won,19,22,slow,b4,h4
KRK,won,15,24,slow,e3,a3
KRK,won,17,24,slow,f2,h2
KRK,won,27,26,correct,g1,f2
KRK,won,19,-1,blunder,e2,e9
KRK,won,37,36,correct,h1,g2
KRK,won,15,-1,blunder,a5,b4
KRK,won,15,18,slow,h10,g9
KRK,lost,30,29,resist,j1,i2
KRK,won,29,-1,blunder,c3,c8
KRK,won,35,-1,blunder,a10,b9
KRK,lost,34,27,shorten,f4,e3
KRK,lost,36,35,resist,g2,f3
KRK,won,25,-1,blunder,i10,h9
KRK,won,25,30,slow,b6,b1
KRK,won,23,32,slow,j7,j3
KRK,won,35,34,correct,i9,i5
KRK,won,31,-1,blunder,i1,h1
KRK,won,27,34,slow,j5,j2
KRK,won,21,26,slow,d1,g1
KRK,won,31,30,correct,i10,h9
KRK,won,25,-1,blunder,h2,h8
KRK,won,13,12,correct,h9,b9
KRK,won,29,-1,blunder,g4,g6
KRK,won,25,28,slow,a7,b6
KRK,won,37,36,correct,e1,d2
KRK,won,25,-1,blunder,j7,d7
KRK,won,23,-1,blunder,d5,c4
KRK,won,35,34,correct,d10,c9
KRK,won,27,26,correct,j10,i9
KRK,won,27,-1,blunder,b6,c6
KRK,won,33,-1,blunder,g5,g1
KRK,lost,32,29,shorten,e7,f6
KRK,won,37,36,correct,a8,b8
KRK,won,19,18,correct,d7,c6
KRK,won,25,28,slow,d10,c9
KRK,won,25,24,correct,c2,a2
KRK,won,21,30,slow,c4,b5
KRK,won,3,2,correct,d4,c4
KRK,won,29,-1,blunder,b3,b2
KRK,lost,32,27,shorten,b5,c6
KRK,won,15,20,slow,j2,a2
KRK,won,23,34,slow,a8,a2
KRK,won,27,34,slow,i9,i1
KRK,lost,26,15,shorten,d2,c3
KRK,lost,38,29,shorten,e3,d2
KRK,won,7,-1,blunder,c2,a2
KRK,won,31,30,correct,j8,i7
KRK,won,33,36,slow,j3,i4
KRK,won,21,-1,blunder,g10,f9
KRK,won,25,32,slow,b10,b6
KRK,won,5,14,slow,j6,a6
KRK,won,19,26,slow,h7,h1
KRK,won,19,-1,blunder,c10,c9
KRK,won,27,30,slow,d1,a1
KRK,won,27,30,slow,j4,i3
KRK,won,21,24,slow,d1,d2
KRK,lost,30,13,shorten,a5,b4
KRK,won,21,20,correct,g9,i9
KRK,won,23,28,slow,i1,a1
KRK,won,5,4,correct,d6,c5
KRK,won,3,12,slow,h10,i10
KRK,lost,38,35,shorten,f6,e5
KRK,won,21,20,correct,b1,b9
KRK,won,27,26,correct,g10,f9
KRK,won,25,-1,blunder,a9,b9
KRK,won,27,-1,blunder,d4,b4
KRK,won,21,22,slow,f2,i2
KRK,won,13,22,slow,d5,d8
KRK,won,33,34,slow,g1,f2
KRK,won,27,30,slow,i9,i6
KRK,lost,34,33,resist,a2,b2
KRK,won,25,24,correct,f8,e7
KRK,won,21,24,slow,i1,h2
KRK,won,23,-1,blunder,j6,b6
KRK,lost,36,29,shorten,e5,d4
KRK,won,27,-1,blunder,d8,f8
KRK,won,15,20,slow,e5,d4
KRK,won,35,38,slow,a9,b9
KRK,won,19,18,correct,i3,i9
KRK,won,35,36,slow,d10,c9
KRK,won,23,22,correct,e10,h10
KRK,won,27,32,slow,j2,i2
KRK,won,29,34,slow,h7,c7
KRK,won,29,28,correct,j1,i2
KRK,won,27,26,correct,h1,g2
KRK,lost,26,25,resist,i8,h7
KRK,won,19,18,correct,g3,g9
KRK,lost,28,27,resist,c8,d7
KRK,won,27,-1,blunder,d6,a6
KRK,won,35,34,correct,a5,b4
KRK,won,23,-1,blunder,b2,b9
KRK,won,17,20,slow,b3,b4
KRK,won,23,30,slow,j7,j1
KRK,won,29,34,slow,h1,e1
KRK,won,33,36,slow,i10,c10
KRK,won,33,32,correct,j3,i3
KRK,won,31,-1,blunder,c2,c8
KRK,won,11,18,slow,e1,a1
KRK,won,29,30,slow,h9,h8
KRK,won,27,26,correct,f3,f9
KRK,won,15,24,slow,d2,b2
KRK,lost,38,31,shorten,d9,c8
KRK,won,29,-1,blunder,i4,c4
KRK,won,21,26,slow,f10,f9
KRK,won,27,34,slow,h7,h8
KRK,won,11,24,slow,d8,a8
KRK,lost,36,27,shorten,a4,b3
KRK,lost,34,25,shorten,h3,h2
KRK,won,17,-1,blunder,j8,a8
KRK,won,9,18,slow,e2,d2
KRK,won,19,26,slow,f5,e4
KRK,won,31,32,slow,f1,e2
KRK,won,1,14,slow,b7,i7
KRK,won,15,14,correct,h5,h4
KRK,won,27,32,slow,i10,i2
KRK,won,29,34,slow,g10,f9
KRK,won,25,-1,blunder,d5,d7
KRK,lost,38,35,shorten,h3,g2
KRK,lost,16,15,resist,j10,i9
KRK,won,17,18,slow,e7,f7
KRK,won,21,20,correct,i7,i9
KRK,won,25,24,correct,a6,h6
KRK,lost,28,27,resist,j9,i8
KRK,lost,30,27,shorten,h6,g7
KRK,won,35,-1,blunder,h2,h5
KRK,won,19,24,slow,j10,i9
KRK,won,21,20,correct,d1,d9
KRK,won,21,20,correct,b8,b7
KRK,won,21,28,slow,a2,b2
KRK,won,15,14,correct,a2,b3
KRK,lost,34,21,shorten,c5,d4
KRK,won,31,34,slow,d9,d2
KRK,won,25,24,correct,f1,h1
KRK,lost,34,31,shorten,b8,c7
KRK,won,27,30,slow,d10,c9
KRK,won,33,-1,blunder,c3,b2
KRK,won,19,20,slow,j8,i7
KRK,won,19,18,correct,c10,c2
KRK,won,15,18,slow,a7,f7
KRK,lost,38,31,shorten,g3,f2
KRK,won,27,28,slow,d1,c2
KRK,lost,38,31,shorten,d6,c7
KRK,won,23,-1,blunder,d5,i5
KRK,won,23,-1,blunder,c9,d9
KRK,won,31,30,correct,j6,i5
KRK,won,31,32,slow,h1,e1
KRK,won,29,28,correct,i3,h3
KRK,won,25,28,slow,e9,d8
KRK,lost,26,25,resist,a1,b2
KRK,lost,10,9,resist,j3,i2
KRK,won,5,4,correct,h4,g3
KRK,won,19,-1,blunder,e4,e1
KRK,won,19,18,correct,h8,i8
KRK,won,15,20,slow,j8,i7
KRK,won,31,30,correct,b7,h7
KRK,won,35,36,slow,h9,h5
KRK,won,31,30,correct,j9,j5
KRK,won,23,32,slow,e9,e3
KRK,won,29,32,slow,e4,e1
KRK,won,23,-1,blunder,a3,g3
KRK,lost,40,35,shorten,e4,d3
KRK,won,17,24,slow,j2,a2
KRK,won,27,30,slow,j3,i2
KRK,won,35,36,slow,a7,a4
KRK,won,35,36,slow,i10,h9
KRK,lost,32,31,resist,f5,e4
KRK,won,23,22,correct,c1,i1
KRK,won,21,24,slow,c3,b2
KRK,won,19,24,slow,j4,i4
KRK,won,33,36,slow,i1,b1
KRK,won,13,12,correct,c6,b5
KRK,won,37,36,correct,e9,f8
KRK,won,37,36,correct,d10,c9
KRK,won,33,-1,blunder,j7,g7
KRK,won,31,30,correct,c10,c5
KRK,lost,36,31,shorten,g2,f2
KRK,lost,40,39,resist,g6,f5
KRK,won,33,32,correct,i1,h2
KRK,lost,34,27,shorten,c2,b3
KRK,won,25,24,correct,f8,i8
KRK,won,33,36,slow,i5,i2
KRK,won,25,-1,blunder,h8,b8
KRK,won,33,34,slow,b8,b5
KRK,won,35,-1,blunder,h7,h3
KRK,lost,34,23,shorten,d3,c2
KRK,won,19,22,slow,a8,f8
KRK,won,23,28,slow,a7,b6
KRK,won,21,20,correct,b5,b9
KRK,won,33,32,correct,c7,f7
KRK,won,25,24,correct,g1,b1
KRK,won,35,36,slow,d9,d6
KRK,won,19,18,correct,f6,e7
KRK,won,29,34,slow,c10,b9
KRK,won,21,22,slow,h7,g7
KRK,won,29,-1,blunder,d5,g5
KRK,won,29,32,slow,e10,d9
KRK,won,29,32,slow,j9,j2
KRK,won,15,14,correct,c4,b4
KRK,won,17,26,slow,j6,b6
KRK,won,9,8,correct,a2,g2
KRK,won,31,-1,blunder,j3,d3
KRK,won,21,20,correct,c10,i10
KRK,won,15,24,slow,f8,a8
KRK,won,37,-1,blunder,d8,d5
KRK,won,19,18,correct,c3,c2
KRK,won,25,24,correct,d4,e3
KRK,won,13,12,correct,j6,b6
KRK,won,27,-1,blunder,f4,f8
KRK,won,17,-1,blunder,i9,a9
KRK,won,23,30,slow,j2,a2
KRK,won,17,20,slow,a8,b7
KRK,lost,30,29,resist,i6,h5
KRK,lost,36,35,resist,f8,e7
KRK,won,29,34,slow,h10,i9
KRK,won,31,30,correct,e1,d2
KRK,won,31,32,slow,e10,d9
KRK,won,27,-1,blunder,b10,b2
KRK,won,37,36,correct,g1,f2
KRK,won,31,36,slow,i4,i5
KRK,won,37,38,slow,a10,b9
KRK,won,25,32,slow,a4,a1
KRK,won,31,-1,blunder,h8,h2
KRK,won,31,34,slow,j6,i7
KRK,lost,24,23,resist,a3,b2
KRK,won,23,24,slow,a7,a2
KRK,won,29,-1,blunder,j10,a10
KRK,won,31,-1,blunder,e8,g8
KRK,won,21,20,correct,i3,b3
KRK,won,23,30,slow,f5,f1
KRK,won,31,30,correct,h1,h2
KRK,won,29,38,slow,h10,i9
KRK,won,23,26,slow,g2,a2
KRK,won,39,38,correct,j9,i8
KRK,lost,30,25,shorten,c8,b7
KRK,won,27,34,slow,i5,h4
KRK,won,37,36,correct,j4,i3
KRK,won,27,30,slow,j1,c1
KRK,won,29,-1,blunder,e8,e2
KRK,won,31,34,slow,g6,b6
KRK,lost,34,33,resist,g6,f5
KRK,lost,32,31,resist,g10,f9
KRK,won,31,32,slow,j6,i5
KRK,won,25,-1,blunder,a5,a6
KRK,won,23,-1,blunder,f5,f3
KRK,lost,26,25,resist,j9,i8
KRK,won,37,36,correct,a4,b3
KRK,won,17,20,slow,e4,f4
KRK,won,27,32,slow,h10,h2
KRK,won,23,22,correct,j9,j6
KRK,won,35,34,correct,i1,i2
KRK,won,31,32,slow,a4,b3
KRK,won,31,34,slow,h2,a2
KRK,won,29,30,slow,e10,f10
KRK,won,21,20,correct,e8,d7
KRK,won,29,-1,blunder,i8,i6
KRK,won,17,-1,blunder,h6,h1
KRK,won,13,20,slow,j5,i4
KRK,won,37,36,correct,g10,f9
KRK,won,21,20,correct,c6,c2
KRK,won,7,8,slow,g10,g9
KRK,won,25,32,slow,a8,a1
KRK,won,27,30,slow,a1,f1
KRK,won,27,32,slow,f10,e9
KRK,won,19,28,slow,d2,d6
KRK,won,23,28,slow,e4,e1
KRK,won,31,32,slow,j2,j5
KRK,won,35,36,slow,h1,g2
KRK,won,31,-1,blunder,e4,e5
KRK,won,27,26,correct,j10,j4
KRK,lost,24,15,shorten,i5,i6
KRK,won,31,30,correct,h5,f5
KRK,won,31,34,slow,c8,c7
KRK,won,27,-1,blunder,c3,c2
KRK,won,25,32,slow,f8,f2
KRK,won,15,24,slow,d2,a2
KRK,won,35,36,slow,h5,h7
KRK,lost,28,27,resist,i6,h5
KRK,won,31,-1,blunder,g1,e1
KRK,won,39,38,correct,g1,f2
KRK,won,27,30,slow,b2,c3
KRK,won,27,32,slow,c5,b4
KRK,won,21,-1,blunder,f2,a2
KRK,won,27,-1,blunder,d2,f2
KRK,won,19,18,correct,g5,b5
KRK,won,27,34,slow,f1,b1
KRK,won,31,30,correct,j2,i3
KRK,won,33,32,correct,h1,g2
KRK,won,31,-1,blunder,i2,b2
KRK,won,27,-1,blunder,f9,i9
KRK,won,33,34,slow,c2,e2
KRK,lost,32,21,shorten,e10,d9
KRK,won,21,26,slow,a1,b2
KRK,won,27,34,slow,g2,h2
KRK,won,33,34,slow,b10,b9
KRK,won,31,36,slow,j6,j2
KRK,lost,32,31,resist,b6,c5
KRK,won,19,28,slow,e10,d9
KRK,won,29,32,slow,j5,i4
KRK,won,27,30,slow,c1,b2
KRK,won,23,-1,blunder,j3,j4
KRK,won,35,34,correct,i2,e2
KRK,won,21,-1,blunder,i2,i3
KRK,won,29,-1,blunder,j4,g4
KRK,won,27,30,slow,d10,c9
KRK,won,27,30,slow,g4,g5
KRK,won,35,36,slow,c1,b2
KRK,won,35,36,slow,i3,d3
KRK,won,27,30,slow,a4,b3
KRK,won,21,20,correct,e1,b1
KRK,won,25,-1,blunder,b1,i1
KRK,won,23,32,slow,g9,g1
KRK,won,29,28,correct,i9,i5
KRK,won,23,22,correct,j9,j2
KRK,lost,34,33,resist,h4,g3
KRK,lost,30,29,resist,a10,b9
KRK,lost,38,37,resist,g7,f6
KRK,lost,30,29,resist,i4,h3
KRK,lost,36,29,shorten,e5,d4
KRK,lost,36,35,resist,i6,h5
KRK,lost,32,31,resist,j8,i7
KRK,lost,32,23,shorten,j3,i2
KRK,lost,36,27,shorten,d7,c7
KRK,lost,30,29,resist,f6,f5
KRK,lost,38,27,shorten,c6,b5
KRK,lost,36,17,shorten,g8,f9
KRK,lost,34,33,resist,b5,b4
KRK,lost,30,29,resist,f4,e5
KRK,lost,36,35,resist,e6,d5
KRK,lost,26,25,resist,j10,i9
KRK,lost,32,31,resist,g5,f5
KRK,lost,34,33,resist,b9,b8
KRK,lost,36,35,resist,g9,f8
KRK,lost,28,23,shorten,d1,c2
KRK,lost,40,31,shorten,d6,c5
KRK,lost,36,23,shorten,g3,h2
KRK,lost,18,15,shorten,a5,b6
KRK,lost,32,27,shorten,b4,c3
KRK,lost,38,29,shorten,h4,h3
KRK,lost,34,27,shorten,f5,e4
KRK,lost,40,33,shorten,d5,c4
KRK,lost,36,35,resist,i9,h8
KRK,lost,38,33,shorten,e5,d4
KRK,lost,40,39,resist,f7,e6
KRK,lost,26,25,resist,e10,d9
KRK,lost,28,27,resist,b4,c3
KRK,lost,34,33,resist,g7,f6
KRK,lost,38,35,shorten,e7,d6
KRK,lost,38,31,shorten,c5,b4
KRK,lost,30,29,resist,e2,e3
KRK,lost,32,31,resist,a2,b2
KRK,lost,10,9,resist,j1,i2
KRK,lost,38,37,resist,f7,e6
KRK,lost,34,21,shorten,g7,f8
KRK,lost,28,27,resist,g1,f2
KRK,lost,34,33,resist,g8,f7
KRK,lost,38,31,shorten,e8,f8
KRK,lost,30,27,shorten,a2,b2
KRK,lost,18,17,resist,j9,i8
KRK,lost,28,27,resist,a5,b4
KRK,lost,16,15,resist,i10,h9
KRK,lost,26,25,resist,b1,b2
KRK,lost,30,27,shorten,i4,h3
KRK,lost,34,17,shorten,c7,b6
KRK,lost,34,33,resist,i2,h3
KRK,lost,38,31,shorten,h4,g3
KRK,lost,34,31,shorten,b5,c4
KRK,lost,36,31,shorten,e5,d4
KRK,lost,32,31,resist,b1,c2
KRK,lost,30,29,resist,i4,h3
KRK,lost,36,31,shorten,i6,h5
KRK,lost,26,25,resist,j7,i6
KRK,lost,26,25,resist,b1,c2
KRK,lost,36,27,shorten,e7,d6
KRK,lost,30,27,shorten,b8,b7
KRK,lost,36,29,shorten,d8,c8
KRK,lost,32,31,resist,e9,d8
KRK,lost,28,11,shorten,h3,h2
KRK,lost,40,39,resist,g6,f5
KRK,lost,36,35,resist,f6,e7
KRK,lost,26,25,resist,b8,c7
KRK,lost,32,19,shorten,j3,i2
KRK,lost,34,33,resist,b8,c7
KRK,lost,32,31,resist,d2,c3
KRK,lost,28,27,resist,a7,b6
KRK,lost,26,23,shorten,i3,h2
KRK,lost,34,33,resist,e8,d7
KRK,lost,6,3,shorten,b1,c1
KRK,lost,34,33,resist,i6,h5
KRK,lost,28,27,resist,h1,g2
KRK,lost,30,29,resist,g10,f9
KRK,lost,32,31,resist,f1,e2
KRK,lost,38,23,shorten,c3,b3
KRK,lost,26,23,shorten,a2,b2
KRK,lost,22,21,resist,g10,f9
KRK,lost,40,39,resist,f5,e4
KRK,lost,22,21,resist,a2,b3
KRK,lost,28,27,resist,e1,d2
KRK,lost,36,35,resist,i5,h4
KRK,lost,28,15,shorten,h6,i5
KRK,lost,38,35,shorten,g4,f3
KRK,lost,28,27,resist,j9,i8
KRK,lost,12,11,resist,c10,b9
KRK,lost,28,27,resist,j4,i5
KRK,lost,30,27,shorten,j9,i8
KRK,lost,34,31,shorten,b5,b4
KRK,lost,34,31,shorten,b2,c2
KRK,lost,38,37,resist,f5,e4
KRK,lost,30,13,shorten,h7,i7
KRK,lost,32,31,resist,g10,f9
KRK,lost,18,15,shorten,c1,d2
KRK,lost,28,27,resist,b10,c9
KRK,lost,24,23,resist,a8,b7
KRK,lost,34,33,resist,a3,b2
KRK,lost,32,31,resist,h8,g7
KRK,lost,32,29,shorten,g2,h3
KRK,lost,34,31,shorten,b6,b5
KRK,lost,38,29,shorten,e4,d3
KRK,lost,30,21,shorten,e8,d7
KRK,lost,30,29,resist,h2,g3
KRK,lost,34,33,resist,h5,g6
KRK,lost,30,29,resist,i6,h5
KRK,lost,40,39,resist,f8,e7
KRK,lost,26,25,resist,h1,g2
KRK,lost,22,21,resist,d1,e2
KRK,lost,40,27,shorten,g3,h3
KRK,lost,20,19,resist,j8,i7
KRK,lost,40,31,shorten,f3,e2
KRK,lost,24,21,shorten,b10,b9
KRK,lost,36,31,shorten,b3,c2
KRK,lost,30,23,shorten,e10,d9
KRK,lost,36,35,resist,e7,d6
KRK,lost,34,33,resist,f7,f6
KRK,lost,40,27,shorten,d7,c8
KRK,lost,36,33,shorten,d5,c4
KRK,lost,32,25,shorten,f5,g5
KRK,lost,34,33,resist,h6,g5
KRK,lost,24,23,resist,j7,i6
KRK,lost,24,23,resist,a10,b9
KRK,lost,28,27,resist,j6,i5
KRK,lost,26,21,shorten,g4,h3
KRK,lost,28,27,resist,a4,b3
KRK,lost,28,25,shorten,b1,b2
KRK,lost,24,23,resist,c1,b2
KRK,lost,34,33,resist,a6,b5
KRK,lost,18,17,resist,i4,i5
KRK,lost,38,37,resist,g9,f8
KRK,lost,28,27,resist,i1,h2
KRK,lost,28,9,shorten,j4,i3
KRK,lost,28,27,resist,i1,h2
KRK,lost,32,31,resist,b8,c7
KRK,lost,32,31,resist,a5,b6
KRK,lost,8,7,resist,j1,i2
KRK,lost,28,27,resist,b4,c5
KRK,lost,12,11,resist,b1,b2
KRK,lost,38,21,shorten,g7,f8
KRK,lost,34,33,resist,h2,g3
KRK,lost,34,33,resist,e3,d4
KRK,lost,34,27,shorten,d5,e4
KRK,lost,32,31,resist,i8,h7
KRK,lost,36,29,shorten,h4,g3
KRK,lost,36,31,shorten,f8,f7
KRK,lost,34,33,resist,f9,e8
KRK,lost,40,39,resist,g7,f6
KRK,lost,30,29,resist,a7,b6
KRK,lost,24,21,shorten,g10,f9
KRK,lost,30,29,resist,h10,g9
KRK,lost,34,33,resist,g10,f9
KRK,lost,22,19,shorten,i9,h8
KRK,lost,36,35,resist,g7,f6
KRK,lost,30,29,resist,b6,b5
KRK,lost,28,23,shorten,a5,b5
KRK,lost,36,35,resist,e5,d6
KRK,lost,38,37,resist,b7,c6
KRK,lost,32,31,resist,b3,c2
KRK,lost,28,27,resist,h10,g9
KRK,lost,34,23,shorten,a4,b3
KRK,lost,26,25,resist,a6,b5
KRK,lost,32,31,resist,b5,c4
KRK,lost,26,25,resist,i5,h6
KRK,lost,36,33,shorten,f7,e6
KRK,lost,32,29,shorten,b10,b9
KRK,lost,32,29,shorten,h9,g8
KRK,lost,32,29,shorten,f3,e2
KRK,lost,32,25,shorten,g6,f7
KRK,lost,34,33,resist,h9,g8
KRK,lost,38,27,shorten,g7,h8
KRK,lost,30,29,resist,e9,d8
KRK,lost,32,29,shorten,d1,c2
KRK,lost,28,27,resist,a6,b5
KRK,lost,34,33,resist,h9,g8
KRK,lost,22,21,resist,j9,i8
KRK,lost,30,29,resist,g9,f8
KRK,lost,32,31,resist,i9,h8
KRK,lost,20,19,resist,a6,b6
KRK,lost,26,25,resist,g2,f3
KRK,lost,30,27,shorten,j8,i7
KRK,lost,36,31,shorten,c7,b6
KRK,lost,32,31,resist,f8,e7
KRK,lost,32,31,resist,b2,b3
KRK,lost,26,25,resist,i7,h6
KRK,lost,28,27,resist,g1,f2
KRK,lost,28,15,shorten,d10,c9
KRK,lost,32,31,resist,j6,i5
KRK,lost,30,27,shorten,e2,d2
KRK,lost,36,35,resist,f6,e5
KRK,lost,36,35,resist,d7,e7
KRK,lost,18,17,resist,a7,b6
KRK,lost,42,37,shorten,g4,f3
KRK,lost,22,21,resist,j1,i2
KRK,lost,38,33,shorten,g6,h7
KRK,lost,38,37,resist,g5,f4
KRK,lost,42,41,resist,h7,g6
KRK,lost,34,27,shorten,h3,g2
KRK,lost,40,31,shorten,c2,b2
KRK,lost,30,29,resist,h9,g8
KRK,lost,34,33,resist,h8,g7
KRK,lost,36,19,shorten,c3,b2
KRK,lost,30,21,shorten,d6,d7
KRK,lost,24,17,shorten,b1,b2
KRK,lost,24,23,resist,i10,h9
KRK,lost,28,27,resist,d9,e8
KRK,lost,34,33,resist,j3,i2
KRK,lost,26,25,resist,g1,h2
KRK,lost,36,35,resist,g5,f4
KRK,lost,34,33,resist,g10,f9
KRK,lost,36,35,resist,g6,f5
KRK,lost,38,33,shorten,c7,b6
KRK,lost,38,33,shorten,d2,c2
KRK,lost,36,35,resist,i2,h3
KRK,lost,32,25,shorten,f5,f4
KRK,lost,32,31,resist,e1,d2
KRK,lost,32,29,shorten,j2,i2
KRK,lost,26,25,resist,a1,b2
KRK,lost,36,13,shorten,c8,b7
KRK,lost,36,33,shorten,j4,i3
KRK,lost,36,31,shorten,e7,d6
KRK,lost,28,27,resist,e3,d4
KRK,lost,32,31,resist,h9,g8
KRK,lost,38,37,resist,f5,e4
KRK,lost,30,29,resist,j8,i7
KRK,lost,34,17,shorten,e4,d3
KRK,lost,36,27,shorten,e3,d2
KRK,lost,38,27,shorten,d6,c5
KRK,lost,38,37,resist,g7,f6
KRK,lost,24,23,resist,a9,b8
KRK,lost,32,31,resist,a8,b7
KRK,lost,38,21,shorten,g3,g2
KRK,lost,18,17,resist,e1,f2
KRK,lost,34,31,shorten,g2,h3
KRK,lost,36,35,resist,b5,c4
KRK,lost,36,29,shorten,h3,g2
KRK,lost,28,25,shorten,f5,g6
KRK,lost,32,31,resist,d2,c3
KRK,lost,28,25,shorten,c4,d5
KRK,lost,38,37,resist,b7,c6
KRK,lost,30,29,resist,j5,i4
KRK,lost,36,25,shorten,c8,b7
KRK,lost,36,35,resist,g5,f4
KRK,lost,32,25,shorten,c3,b2
KRK,lost,38,33,shorten,g4,f3
KRK,lost,38,31,shorten,g4,f3
KRK,lost,24,15,shorten,j3,i2
KRK,lost,38,31,shorten,h4,g3
KRK,lost,20,19,resist,a4,b4
KRK,lost,34,31,shorten,d10,c9
KQK,won,11,14,slow,f1,f4
KQK,won,15,14,correct,b4,e7
KQK,won,13,18,slow,a9,e5
KQK,won,19,22,slow,a6,f6
KQK,won,17,18,slow,f1,e2
KQK,won,3,10,slow,b5,d7
KQK,won,15,18,slow,d7,f5
KQK,won,7,12,slow,d6,d5
KQK,won,15,16,slow,a5,g5
KQK,won,9,8,correct,i10,d5
KQK,won,19,20,slow,f3,f6
KQK,won,17,18,slow,e10,h7
KQK,won,9,12,slow,j9,e4
KQK,won,17,18,slow,i9,e5
KQK,lost,18,9,shorten,e7,d7
KQK,won,21,22,slow,j4,f4
KQK,won,5,6,slow,h7,f5
KQK,won,17,18,slow,d8,f6
KQK,won,17,16,correct,d2,d7
KQK,won,19,18,correct,g9,g7
KQK,won,13,14,slow,j10,e10
KQK,won,17,16,correct,j7,e7
KQK,lost,20,19,resist,f3,e2
KQK,lost,18,17,resist,h2,g3
KQK,won,11,18,slow,j4,i3
KQK,lost,18,15,shorten,d5,e6
KQK,lost,18,17,resist,a4,b4
KQK,lost,18,7,shorten,d7,c8
KQK,won,9,12,slow,i10,d5
KQK,won,17,16,correct,b1,f5
KQK,lost,18,17,resist,a2,b2
KQK,won,7,6,correct,c1,f4
KQK,won,15,18,slow,a8,d5
KQK,won,15,14,correct,g3,e5
KQK,won,17,16,correct,f10,e9
KQK,won,15,14,correct,j9,i8
KQK,won,7,14,slow,e10,e5
KQK,won,17,18,slow,b6,f6
KQK,lost,18,13,shorten,d7,c6
KQK,won,19,20,slow,a5,e5
KQK,won,7,10,slow,d5,f5
KQK,won,9,18,slow,i10,e6
KQK,won,3,8,slow,h2,g2
KQK,lost,18,17,resist,b10,c9
KQK,won,17,20,slow,h10,d6
KQK,won,15,18,slow,h3,f5
KQK,won,17,20,slow,e3,e6
KQK,lost,18,17,resist,d9,c8
KQK,won,17,16,correct,b1,f5
KQK,won,21,20,correct,c4,g4
KQK,won,9,12,slow,h6,e6
KQK,lost,18,17,resist,j2,i3
KQK,lost,12,11,resist,h7,h6
KQK,won,17,20,slow,i1,e5
KQK,won,17,20,slow,h2,e5
KQK,won,15,14,correct,f3,d5
KQK,lost,16,13,shorten,d3,e3
KQK,won,19,20,slow,d9,f7
KQK,won,15,18,slow,i8,f5
KQK,won,21,22,slow,h10,d6
KQK,won,13,16,slow,g8,e6
KQK,won,19,18,correct,e9,e5
KQK,won,15,18,slow,h9,e6
KQK,won,15,18,slow,h4,f6
KQK,won,21,22,slow,f10,f5
KQK,won,7,10,slow,b2,d4
KQK,won,7,10,slow,h9,h3
KQK,won,7,12,slow,g6,f5
KQK,won,7,10,slow,h3,f5
KQK,won,9,10,slow,b3,e6
KQK,won,7,10,slow,h6,e6
KQK,won,15,16,slow,j3,f7
KQK,won,19,22,slow,f8,f7
KQK,won,19,18,correct,j2,i2
KQK,won,17,18,slow,b2,e5
KQK,won,19,20,slow,e9,e6
KQK,lost,20,19,resist,d9,c8
KQK,lost,20,19,resist,e5,e4
KQK,won,17,18,slow,i10,h9
KQK,lost,16,15,resist,a10,b10
KQK,won,15,16,slow,d10,d4
KQK,won,21,20,correct,a3,d6
KQK,won,15,14,correct,e10,e6
KQK,won,3,14,slow,b1,f5
KQK,won,9,18,slow,i2,f5
KQK,lost,22,21,resist,j8,i7
KQK,won,13,18,slow,a4,f4
KQK,won,15,16,slow,a8,d5
KQK,lost,12,11,resist,c9,b8
KQK,won,11,10,correct,i6,e6
KQK,won,13,14,slow,i10,f7
KQK,won,9,12,slow,g7,f6
KQK,won,15,18,slow,a9,b8
KQK,won,11,16,slow,e10,e6
KQK,won,3,8,slow,g10,d7
KQK,won,11,10,correct,c1,c2
KQK,won,15,18,slow,b8,e5
KQK,lost,24,23,resist,e4,e3
KQK,won,11,10,correct,b4,c4
KQK,won,11,16,slow,i1,f4
KQK,won,15,14,correct,d1,d7
KQK,won,5,8,slow,c9,c4
KQK,won,13,16,slow,e2,e6
KQK,won,3,14,slow,d9,g6
KQK,lost,18,15,shorten,e5,e4
KQK,won,13,16,slow,f8,f5
KQK,won,15,16,slow,f1,f5
KQK,won,11,12,slow,g6,d6
KQK,lost,10,9,resist,c10,c9
KQK,lost,24,17,shorten,d3,c2
KQK,won,17,18,slow,f7,e6
KQK,won,15,18,slow,f3,f5
KQK,won,7,8,slow,e10,h7
KQK,won,17,18,slow,f10,f5
KQK,won,15,16,slow,f10,f5
KQK,lost,20,17,shorten,j7,i7
KQK,won,11,14,slow,j3,f7
KQK,lost,24,21,shorten,e4,e3
KQK,lost,14,13,resist,i9,i8
KQK,won,17,20,slow,g3,d6
KQK,won,13,12,correct,d10,d6
KQK,lost,20,19,resist,a6,b5
KQK,lost,14,11,shorten,a6,b5
KQK,lost,14,13,resist,f1,e2
KQK,lost,12,7,shorten,b7,c7
KQK,won,21,20,correct,e9,e5
KQK,won,17,18,slow,a5,d5
KQK,won,17,18,slow,a1,e5
KQK,won,15,22,slow,a7,d7
KQK,won,11,10,correct,b4,d4
KQK,won,15,14,correct,j6,f6
KQK,won,15,18,slow,b6,f6
KQK,lost,18,7,shorten,i4,h3
KQK,lost,16,15,resist,c10,b9
KQK,won,9,12,slow,f10,f5
KQK,lost,18,13,shorten,d4,c3
KQK,won,19,18,correct,c2,e4
KQK,won,7,10,slow,d6,d7
KQK,won,21,22,slow,g9,g5
KQK,lost,16,15,resist,b10,b9
KQK,won,17,16,correct,c1,c7
KQK,won,11,16,slow,g2,g7
KQK,lost,20,13,shorten,d4,c5
KQK,won,15,16,slow,a9,e5
KQK,won,5,14,slow,b8,e5
KQK,won,17,18,slow,i5,d5
KQK,won,13,18,slow,a8,e4
KQK,won,15,14,correct,e3,e5
KQK,lost,18,17,resist,e4,d3
KQK,won,7,14,slow,b6,e6
KQK,won,13,12,correct,f6,g5
KQK,lost,20,19,resist,f9,f8
KQK,lost,18,11,shorten,d9,c8
KQK,won,11,10,correct,j10,e5
KQK,won,7,12,slow,g2,e4
KQK,won,7,10,slow,f1,f2
KQK,lost,18,15,shorten,g8,f7
KQK,lost,14,7,shorten,i6,h7
KQK,won,11,12,slow,d10,d6
KQK,won,9,12,slow,f5,e5
KQK,lost,12,5,shorten,h1,g1
KQK,won,19,24,slow,j4,d4
KQK,lost,16,13,shorten,a6,b6
KQK,won,13,14,slow,e1,e2
KQK,lost,20,17,shorten,h7,g6
KQK,lost,20,17,shorten,e1,d2
KQK,won,21,22,slow,d1,d4
KQK,won,7,10,slow,e6,e5
KQK,won,17,16,correct,c10,g6
KQK,won,19,20,slow,b10,f6
KQK,won,5,14,slow,b10,f6
KQK,won,17,18,slow,a10,e6
KQK,won,3,8,slow,j2,g5
KQK,won,15,18,slow,a10,f5
KQK,won,17,18,slow,a8,e4
KQK,won,9,10,slow,c6,b7
KQK,won,5,10,slow,d10,g7
KQK,won,21,20,correct,h1,e4
KQK,lost,18,17,resist,g5,g4
KQK,won,7,10,slow,b2,e5
KQK,won,15,18,slow,a2,e6
KQK,lost,18,17,resist,c10,c9
KQK,won,15,16,slow,b8,f4
KQK,won,9,12,slow,g6,f5
KQK,lost,12,5,shorten,d3,d2
KQK,won,21,20,correct,h7,f5
KQK,won,5,6,slow,d1,d5
KQK,lost,18,17,resist,i5,h4
KQK,won,11,14,slow,f10,d8
KQK,won,19,18,correct,d5,g5
KQK,won,13,16,slow,i7,g7
KQK,won,11,16,slow,f5,e5
KQK,won,11,12,slow,j7,e7
KQK,won,19,18,correct,a4,d4
KQK,won,11,14,slow,h10,d6
KQK,won,7,14,slow,b4,d6
KQK,won,11,14,slow,c6,e6
KQK,won,19,20,slow,h10,d6
KQK,won,9,12,slow,h4,f6
KQK,won,11,12,slow,e1,e7
KQK,lost,20,15,shorten,g4,f4
KQK,won,17,18,slow,c8,e6
KQK,won,13,16,slow,c6,f6
KQK,won,15,16,slow,j7,g7
KQK,won,21,20,correct,b7,f7
KQK,lost,20,19,resist,b6,c5
KQK,won,17,18,slow,j7,e7
KQK,won,13,14,slow,d7,f7
KQK,won,17,16,correct,b2,f6
KQK,won,9,14,slow,a9,e5
KQK,won,15,18,slow,c8,f5
KQK,lost,16,15,resist,g1,f1
KQK,won,19,18,correct,d1,d5
KQK,lost,16,11,shorten,f2,e2
KQK,lost,12,9,shorten,c2,b2
KQK,won,21,22,slow,j5,f5
KQK,won,19,20,slow,j1,c1
KQK,lost,12,11,resist,j4,i3
KQK,won,9,12,slow,g9,g7
KQK,won,11,16,slow,b5,f5
KQK,lost,20,17,shorten,d4,d3
KQK,won,19,20,slow,f9,f6
KQK,won,13,12,correct,a5,e5
KQK,won,3,2,correct,b9,c8
KQK,won,15,16,slow,i4,f7
KQK,lost,8,7,resist,a8,b9
KQK,won,11,14,slow,a6,b5
KQK,won,17,18,slow,a3,c5
KQK,won,17,20,slow,b10,f6
KQK,lost,18,17,resist,j9,i8
KQK,won,19,18,correct,i1,f4
KQK,lost,16,15,resist,a3,b2
KQK,lost,18,9,shorten,g6,h7
KQK,lost,12,11,resist,j8,i7
KQK,won,7,10,slow,b5,f5
KQK,won,13,12,correct,a1,e5
KQK,won,11,12,slow,j1,e6
KQK,won,7,10,slow,b8,e5
KQK,won,11,12,slow,a3,e7
KQK,lost,18,9,shorten,g1,f2
KQK,won,21,22,slow,b9,e6
KQK,lost,16,15,resist,i9,i8
KQK,won,19,20,slow,j2,f6
KQK,won,7,10,slow,i10,e6
KQK,lost,18,17,resist,d9,c8
KQK,won,19,20,slow,d7,f7
KQK,won,23,24,slow,j8,g5
KQK,won,15,20,slow,i3,f6
KQK,won,13,12,correct,j3,f7
KQK,won,23,24,slow,a2,e6
KQK,lost,12,11,resist,a8,b7
KQK,lost,14,13,resist,h9,g8
KQK,won,17,18,slow,i1,h2
KQK,lost,18,17,resist,i10,h9
KQK,lost,12,11,resist,i4,h4
KQK,won,17,20,slow,d8,f6
KQK,won,13,14,slow,i9,f6
KQK,lost,20,17,shorten,b4,b3
KQK,lost,20,19,resist,f2,e2
KQK,won,17,16,correct,c6,f6
KQK,won,17,20,slow,i10,e6
KQK,won,11,12,slow,j5,f5
KQK,won,17,18,slow,f10,f6
KQK,won,17,20,slow,j3,i2
KQK,lost,20,15,shorten,i6,i5
KQK,won,11,12,slow,d10,d5
KQK,won,21,22,slow,d3,f5
KQK,won,7,10,slow,c4,e6
KQK,lost,14,13,resist,i2,h2
KQK,lost,22,19,shorten,d1,c2
KQK,won,21,22,slow,h7,f5
KQK,won,19,20,slow,d7,e6
KQK,lost,10,9,resist,j7,i6
KQK,won,9,16,slow,i8,f5
KQK,won,13,14,slow,c1,f4
KQK,won,7,10,slow,i8,f5
KQK,won,9,12,slow,i6,h6
KQK,won,7,6,correct,i6,e6
KQK,won,15,-1,blunder,h8,f6
KQK,lost,22,19,shorten,f7,e6
KQK,won,15,16,slow,e10,e6
KQK,won,9,12,slow,d3,f5
KQK,won,17,16,correct,j5,c5
KQK,won,13,12,correct,d9,d4
KQK,won,9,10,slow,a9,e5
KQK,won,11,16,slow,i1,e5
KQK,won,5,4,correct,e5,f5
KQK,won,13,12,correct,b2,e5
KQK,won,13,14,slow,f9,f4
KQK,won,15,22,slow,i7,d7
KQK,won,21,22,slow,a7,d7
KQK,won,11,10,correct,a9,e5
KQK,lost,12,11,resist,j4,i3
KQK,won,17,16,correct,g1,g5
KQK,won,17,20,slow,g3,e5
KQK,won,19,22,slow,j3,g6
KQK,won,17,20,slow,j5,i4
KQK,lost,22,21,resist,h4,g3
KQK,won,15,16,slow,e8,e5
KQK,won,15,14,correct,a8,b7
KQK,won,13,18,slow,f6,e5
KQK,lost,20,19,resist,j8,i8
KQK,won,7,10,slow,i6,f6
KQK,lost,22,17,shorten,c9,b8
KQK,lost,14,11,shorten,g8,h7
KQK,lost,16,13,shorten,b3,b2
KQK,won,21,22,slow,e1,e5
KQK,lost,20,19,resist,i1,h2
KQK,lost,20,15,shorten,b4,c3
KQK,won,17,20,slow,c2,c5
KQK,won,21,24,slow,a2,e6
KQK,lost,12,7,shorten,h5,h6
KQK,lost,14,13,resist,e10,d9
KQK,won,9,12,slow,b3,e6
KQK,lost,16,9,shorten,f9,e9
KQK,won,19,20,slow,i10,e6
KQK,won,11,18,slow,a5,b4
KQK,won,13,16,slow,e3,e5
KQK,lost,16,15,resist,a4,b3
KQK,won,5,8,slow,i3,f6
KQK,won,13,12,correct,f10,f5
KQK,won,11,14,slow,g2,g7
KQK,lost,22,21,resist,c8,b7
KQK,won,7,12,slow,a3,d6
KQK,won,5,4,correct,g7,h8
KQK,won,13,16,slow,h9,e6
KQK,won,19,18,correct,i9,f6
KQK,won,15,18,slow,f1,f6
KQK,won,13,12,correct,h6,e6
KQK,won,13,20,slow,g2,g4
KQK,won,7,14,slow,d7,f5
KQK,lost,10,9,resist,c3,b3
KQK,lost,18,15,shorten,c7,b6
KQK,won,7,12,slow,c4,e4
KQK,won,3,6,slow,b8,e5
KQK,won,19,22,slow,a1,f6
KQK,won,7,12,slow,g6,f5
KQK,won,13,14,slow,b10,f6
KQK,won,9,10,slow,b10,f6
KQK,won,17,18,slow,i7,d7
KQK,won,15,20,slow,h6,e6
KQK,won,15,20,slow,e1,e6
KQK,won,13,14,slow,a2,e6
KQK,won,17,-1,blunder,j10,i9
KQK,lost,18,17,resist,e10,e9
KQK,won,11,14,slow,g7,e5
KQK,lost,14,9,shorten,b8,c9
KQK,lost,20,19,resist,g6,f5
KQK,lost,14,7,shorten,d9,c8
KQK,won,21,20,correct,a9,e5
KQK,won,15,16,slow,j1,i2
KQK,won,17,16,correct,j4,g4
KQK,won,17,16,correct,e10,e5
KQK,lost,8,7,resist,i1,h2
KQK,won,7,10,slow,b3,f7
KQK,won,17,18,slow,j2,f6
KQK,lost,18,17,resist,e7,e6
KQK,lost,16,13,shorten,e10,d9
KQK,won,7,10,slow,c5,e5
KQK,lost,18,17,resist,b7,c6
KQK,won,17,20,slow,f8,f5
KQK,won,11,16,slow,f9,f6
KQK,lost,16,9,shorten,c3,b3
KQK,won,17,16,correct,i10,h9
KQK,won,7,16,slow,i2,f5
KQK,won,17,18,slow,j9,i8
KQK,won,19,20,slow,f7,e6
KQK,won,19,18,correct,b7,e4
KQK,lost,16,15,resist,j10,i9
KQK,won,7,12,slow,j3,f7
KQK,won,19,18,correct,f4,f6
KQK,won,17,16,correct,i9,e5
KQK,lost,16,15,resist,c4,c3
KQK,won,13,16,slow,j5,e5
KQK,lost,20,19,resist,b1,b2
KQK,won,13,16,slow,g10,f9
KQK,won,9,14,slow,d9,g6
KQK,won,13,20,slow,b4,f4
KQK,won,19,20,slow,j6,f6
KQK,won,7,8,slow,a4,d4
KQK,won,15,18,slow,j5,e5
KQK,lost,14,13,resist,a10,b9
KQK,won,7,14,slow,f2,f5
KQK,won,7,12,slow,f7,e6
KQK,won,7,12,slow,j9,g6
KQK,lost,16,13,shorten,e8,e7
KQK,won,13,16,slow,b3,h3
KQK,won,9,14,slow,j7,g4
KQK,won,11,14,slow,j6,f6
KQK,won,9,12,slow,c2,f5
KQK,won,15,-1,blunder,h1,e4
KQK,won,15,20,slow,h2,e5
KQK,won,15,18,slow,a1,b2
KQK,won,3,6,slow,g8,g7
KQK,won,13,14,slow,f9,f5
KQK,won,13,18,slow,i5,f5
KQK,won,15,16,slow,f10,e9
KQK,lost,14,7,shorten,b6,c7
KQK,lost,20,19,resist,g4,f3
KQK,won,9,14,slow,i1,e5
KQK,won,21,22,slow,b5,e5
KQK,won,21,20,correct,i9,e5
KQK,lost,14,13,resist,b10,c9
KQK,lost,20,17,shorten,c4,b3
KQK,won,19,18,correct,a1,e5
KQK,lost,20,17,shorten,a5,b4
KQK,won,9,10,slow,b9,f5
KQK,lost,14,11,shorten,h9,h8
KQK,lost,18,9,shorten,e4,d5
KQK,lost,12,9,shorten,a2,b2
KQK,lost,18,15,shorten,j5,i4
KQK,lost,16,15,resist,h7,g6
KQK,lost,8,7,resist,i1,i2
KQK,lost,20,13,shorten,h5,g4
KQK,lost,16,15,resist,a6,b5
KQK,lost,16,15,resist,g4,f5
KQK,lost,14,13,resist,h2,g2
KQK,lost,18,17,resist,h10,g9
KQK,lost,18,11,shorten,f6,e7
KQK,lost,14,7,shorten,h6,h5
KQK,lost,16,15,resist,e10,e9
KQK,lost,20,19,resist,e4,d3
KQK,lost,14,11,shorten,a3,b2
KQK,lost,22,19,shorten,g7,f6
KQK,lost,18,15,shorten,e3,d2
KQK,lost,22,19,shorten,d3,c2
KQK,lost,14,9,shorten,c9,b8
KQK,lost,14,13,resist,j2,i3
KQK,lost,8,7,resist,a10,b9
KQK,lost,20,17,shorten,b8,b7
KQK,lost,16,15,resist,c2,b3
KQK,lost,10,9,resist,a2,b2
KQK,lost,16,11,shorten,f3,e3
KQK,lost,20,19,resist,b1,b2
KQK,lost,18,17,resist,b7,b6
KQK,lost,22,19,shorten,c3,b2
KQK,lost,14,7,shorten,g8,h8
KQK,lost,20,17,shorten,c3,b2
KQK,lost,22,21,resist,f9,e8
KQK,lost,20,19,resist,g7,f6
KQK,lost,8,7,resist,a1,b2
KQK,lost,22,21,resist,h7,g6
KQK,lost,12,11,resist,h10,g9
KQK,lost,16,15,resist,c8,d7
KQK,lost,12,11,resist,j2,i3
KQK,lost,16,15,resist,i5,h5
KQK,lost,14,13,resist,h10,g9
KQK,lost,12,11,resist,i9,i8
KQK,lost,10,9,resist,j3,i3
KQK,lost,12,11,resist,b6,c7
KQK,lost,20,9,shorten,f6,g7
KQK,lost,14,13,resist,i5,i4
KQK,lost,16,15,resist,a2,b3
KQK,lost,18,9,shorten,j7,i6
KQK,lost,22,21,resist,d7,c6
KQK,lost,16,15,resist,a3,b2
KQK,lost,12,5,shorten,j5,i6
KQK,lost,20,19,resist,j9,i8
KQK,lost,20,15,shorten,g5,f4
KQK,lost,16,13,shorten,g9,f8
KQK,lost,18,15,shorten,j7,i6
KQK,lost,18,15,shorten,e7,f6
KQK,lost,22,21,resist,d9,c8
KQK,lost,18,15,shorten,g4,f3
KQK,lost,12,7,shorten,c7,b7
KQK,lost,14,13,resist,h3,h4
KQK,lost,16,13,shorten,j3,i2
KQK,lost,8,7,resist,b2,c3
KQK,lost,8,7,resist,e9,e8
KQK,lost,22,21,resist,e8,e7
KQK,lost,16,15,resist,g8,f8
KQK,lost,16,11,shorten,h6,h5
KQK,lost,12,9,shorten,f2,g2
KQK,lost,18,17,resist,d10,c9
KQK,lost,20,11,shorten,f6,g7
KQK,lost,18,11,shorten,f7,f8
KQK,lost,16,9,shorten,a7,b6
KQK,lost,16,15,resist,h4,g3
KQK,lost,8,5,shorten,a6,b6
KQK,lost,18,15,shorten,h3,g2
KQK,lost,18,17,resist,c1,b2
KQK,lost,14,13,resist,i3,h2
KQK,lost,18,17,resist,j9,i8
KQK,lost,16,15,resist,f7,e6
KQK,lost,18,15,shorten,h9,h8
KQK,lost,16,15,resist,i7,h6
KQK,lost,20,17,shorten,d6,e5
KQK,lost,14,13,resist,b2,c2
KQK,lost,16,15,resist,g4,g5
KQK,lost,6,5,resist,i1,i2
KQK,lost,16,15,resist,a1,b1
KQK,lost,14,13,resist,j7,i6
KQK,lost,22,19,shorten,d4,d3
KQK,lost,14,13,resist,f1,e2
KQK,lost,22,21,resist,e3,d2
KQK,lost,14,7,shorten,d3,c3
KQK,lost,18,17,resist,g8,f7
KQK,lost,14,9,shorten,d1,d2
KQK,lost,18,11,shorten,g6,g5
KQK,lost,22,17,shorten,d9,c8
KQK,lost,14,9,shorten,i7,i6
KQK,lost,16,15,resist,b9,b8
KQK,lost,12,11,resist,e3,d3
KQK,lost,20,19,resist,b10,b9
KQK,lost,10,5,shorten,d8,d9
KQK,lost,22,17,shorten,c1,b2
KQK,lost,18,17,resist,b9,b8
KQK,lost,22,21,resist,h8,h7
KQK,lost,20,19,resist,d6,c5
KQK,lost,22,21,resist,g4,f3
KQK,lost,22,17,shorten,c5,c4
KQK,lost,8,7,resist,i1,h2
KQK,lost,14,13,resist,j2,i2
KQK,lost,12,7,shorten,i3,h3
KQK,lost,20,15,shorten,c5,b4
KQK,lost,18,17,resist,b10,b9
KQK,lost,14,9,shorten,j5,i4
KQK,lost,18,7,shorten,g7,h7
KQK,lost,8,7,resist,j10,i10
KQK,lost,10,5,shorten,c10,b9
KQK,lost,20,19,resist,e3,d2
KQK,lost,18,13,shorten,b5,b4
KQK,lost,22,13,shorten,e4,d4
KQK,lost,18,17,resist,d10,c9
KQK,lost,10,9,resist,i1,h2
KQK,lost,10,9,resist,c2,b3
KQK,lost,14,13,resist,e10,e9
KQK,lost,20,17,shorten,a2,b2
KQK,lost,14,9,shorten,h10,g9
KQK,lost,20,19,resist,f8,e7
KQK,lost,22,21,resist,e10,e9
KQK,lost,14,13,resist,a4,b3
KQK,lost,20,19,resist,j9,i8
KQK,lost,14,13,resist,a6,b5
KQK,lost,22,21,resist,b7,b6
KQK,lost,12,7,shorten,i5,h4
KQK,lost,20,19,resist,c2,b2
KQK,lost,22,21,resist,f9,e8
KQK,lost,20,19,resist,h10,h9
KQK,lost,18,7,shorten,d7,e8
KQK,lost,24,19,shorten,e10,d9
KQK,lost,12,11,resist,h5,i4
KQK,lost,18,17,resist,b1,b2
KQK,lost,18,17,resist,d7,c6
KQK,lost,20,17,shorten,f10,e9
KQK,lost,16,15,resist,c10,b9
KQK,lost,20,17,shorten,g10,g9
KQK,lost,20,19,resist,f4,e4
KQK,lost,18,17,resist,i9,i8
KQK,lost,16,11,shorten,g7,g6
KQK,lost,22,21,resist,j6,i5
KQK,lost,14,13,resist,b10,b9
KQK,lost,6,5,resist,a10,a9
KQK,lost,14,13,resist,c4,d4
KQK,lost,8,1,shorten,j4,j3
KQK,lost,16,15,resist,a2,b2
KQK,lost,20,19,resist,b10,b9
KQK,lost,20,13,shorten,g4,h5
KQK,lost,14,13,resist,h8,g7
KQK,lost,18,17,resist,g3,f2
KQK,lost,16,11,shorten,c6,d7
KQK,lost,12,11,resist,g2,f2
KQK,lost,20,17,shorten,a8,b7
KQK,lost,16,11,shorten,b3,b2
KQK,lost,20,15,shorten,c7,b6
KQK,lost,14,13,resist,a1,b1
KQK,lost,20,19,resist,g2,f2
KQK,lost,12,9,shorten,b4,c3
KQK,lost,20,19,resist,h1,h2
KQK,lost,10,9,resist,c10,d9
KQK,lost,20,19,resist,c7,c6
KQK,lost,18,17,resist,i5,h4
KQK,lost,14,7,shorten,g2,h3
KQK,lost,22,21,resist,d6,c5
KQK,lost,20,17,shorten,f3,f2
KQK,lost,12,11,resist,b8,b7
KQK,lost,22,21,resist,a6,b5
KQK,lost,24,19,shorten,c5,b4
KQK,lost,12,7,shorten,c9,d8
KQK,lost,22,21,resist,d7,c6
KQK,lost,22,17,shorten,c1,b2
KQK,lost,12,11,resist,a7,b8
KQK,lost,8,1,shorten,j5,j6
KQK,lost,18,17,resist,e3,e2
KQK,lost,22,15,shorten,c8,b7
KQK,lost,20,19,resist,d4,c3
KQK,lost,20,19,resist,g4,f3
KQK,lost,16,13,shorten,h5,g5
KQK,lost,18,17,resist,e1,d2
KQK,lost,12,7,shorten,i4,i5
KQK,lost,8,7,resist,i10,i9
KQK,lost,6,5,resist,a5,b6
KQK,lost,14,13,resist,f7,e7
KQK,lost,16,13,shorten,a6,b5
KQK,lost,16,13,shorten,c3,c2
KQK,lost,12,11,resist,j8,j7
KQK,lost,16,15,resist,a1,b2
KQK,lost,20,11,shorten,f7,g8
KQK,lost,18,17,resist,b6,c5
KQK,lost,16,15,resist,c9,b8
